<?xml version='1.0' encoding='utf-8'?>
<TEI xmlns="http://www.tei-c.org/ns/1.0"><teiHeader type="CorpusHeader">
    <fileDesc>
      <titleStmt>
        <title type="Corpus" xml:id="heliand">Heliand</title>
        <editor n="1" role="CorpusEditor">
          
          <persName>
            <forename>Svetlana</forename>
            <surname>Petrova</surname>
          </persName>
          <affiliation>
            <orgName type="Department">Germanistik</orgName>
            <orgName type="Institution">Bergische Universität Wuppertal</orgName>
          </affiliation>
        </editor>
        <editor n="2" role="CorpusEditor">
          
          <persName>
            <forename>Karin</forename>
            <surname>Donhauser</surname>
          </persName>
          <affiliation>
            <orgName type="Department">Institut für deutsche Sprache und Linguistik</orgName>
            <orgName type="Institution">Humboldt-Universität zu Berlin</orgName>
          </affiliation>
        </editor>
        <editor n="3" role="CorpusEditor">
          
          <persName>
            <forename>Sonja</forename>
            <surname>Linde</surname>
          </persName>
          <affiliation>
            <orgName type="Department">Institut für deutsche Sprache und Linguistik</orgName>
            <orgName type="Institution">Humboldt-Universität zu Berlin</orgName>
          </affiliation>
        </editor>
        <author n="1" role="Annotator">
          <persName>
            <forename>Eva</forename>
            <surname>Schlachter</surname>
          </persName>
          <affiliation>
            <orgName type="Department">Institut für deutsche Sprache und Linguistik</orgName>
            <orgName type="Institution">Humboldt-Universität zu Berlin</orgName>
          </affiliation>
        </author>
        <author n="2" role="Annotator">
          <persName>
            <forename>Anke</forename>
            <surname>Gehrlein</surname>
          </persName>
          <affiliation>
            <orgName type="Department">Institut für deutsche Sprache und Linguistik</orgName>
            <orgName type="Institution">Humboldt-Universität zu Berlin</orgName>
          </affiliation>
        </author>
        <author n="3" role="Annotator">
          <persName>
            <forename>Marco</forename>
            <surname>Coniglio</surname>
          </persName>
          <affiliation>
            <orgName type="Department">Institut für deutsche Sprache und Linguistik</orgName>
            <orgName type="Institution">Humboldt-Universität zu Berlin</orgName>
          </affiliation>
        </author>
        <author n="4" role="Annotator">
          <persName>
            <forename>Oxana</forename>
            <surname>Rasskazova</surname>
          </persName>
          <affiliation>
            <orgName type="Department">Institut für deutsche Sprache und Linguistik</orgName>
            <orgName type="Institution">Humboldt-Universität zu Berlin</orgName>
          </affiliation>
        </author>
      </titleStmt>
      <extent type="Tokens">3495</extent>
      <publicationStmt>
        <authority>Humboldt-Universität zu Berlin</authority>
        <idno>Sonderforschungsbereich 632, Teilprojekt B4</idno>
        <availability status="free">
          
          <p>The data are licensed under a Creative Commons Attribution-NonCommercial 3.0 Unported
            License.</p>
        </availability>
        <date type="CorpusRelease" when="2015">
          The corpus is
          released in the LAUDATIO repository as well as in the HZSK repository(Hamburger Zentrum für
          Sprachkorpora,
          https://corpora.uni-hamburg.de/drupal/de/islandora/object/collection:sfb632).
          
        </date>
      </publicationStmt>
      <sourceDesc>
        <list type="CorpusDocument">
          <item corresp="a5_standoff" n="1" />
          <item corresp="a6_standoff" n="2" />
          <item corresp="a1_standoff" n="3" />
          <item corresp="a4_standoff" n="4" />
        </list>
      </sourceDesc>
    </fileDesc>
    <profileDesc>
      <langUsage>
        <language ident="de" style="Language">German</language>
        <language ident="NA" style="LanguageArea">NA</language>
        <language ident="ohg" style="LanguageType">Old High German</language>
      </langUsage>
    </profileDesc>
    <encodingDesc n="1">
      
      <appInfo>
        <application ident="PAULA" version="1">
          <label>PAULA</label>
        </application>
      </appInfo>
      <projectDesc>
        <p>
          The present corpus, the Heliand Corpus, provides morpho-syntactic and information
          structural annotation. This corpus was designed and annotated by Project B4 of
          Collaborative Research Center on Information Structure 632 at Humboldt University Berlin.
          The main research question is to analyse the role of information structure in language
            change.
          <ref target="https://www.sfb632.uni-potsdam.de/aprojekte/b4.html" />
        </p>
      </projectDesc>
      <editorialDecl>
        <segmentation>
          <p>Segmentation is based on 'tok'.</p>
        </segmentation>
        <normalization>
          <p>NA</p>
        </normalization>
      </editorialDecl>
      <tagsDecl>
        <namespace name="tok" rend="Transcription" xml:id="tok">
          <tagUsage gi="String">Transcription layer.</tagUsage>
        </namespace>
        <namespace name="foc-bg" rend="Syntactical" xml:id="foc-bg">
          <tagUsage gi="bg">Focus background annotation.</tagUsage>
          <tagUsage gi="nf_1">Focus background annotation.</tagUsage>
          <tagUsage gi="nf">Focus background annotation.</tagUsage>
          <tagUsage gi="CF">Focus background annotation.</tagUsage>
        </namespace>
        <namespace name="alliteration" rend="Syntactical" xml:id="alliteration">
          <tagUsage gi="+">NA</tagUsage>
          <tagUsage gi="(+)">NA</tagUsage>
        </namespace>
        <namespace name="syl_no" rend="Syntactical" xml:id="syl_no">
          <tagUsage gi="INT">The number of syllables per syntactic constituent.</tagUsage>
        </namespace>
        <namespace name="context" rend="Syntactical" xml:id="context">
          <tagUsage gi="Weiterführung von 418">Here, the relation of the clause with respect to the
            preceding context was annotated, especially in terms of discourse organization. We
            mainly distinguish between “situation shift” (Situationswechsel) und “anaphoric
            reference” (“AR”).</tagUsage>
          <tagUsage gi="Beginn direkte Rede">Here, the relation of the clause with respect to the
            preceding context was annotated, especially in terms of discourse organization. We
            mainly distinguish between “situation shift” (Situationswechsel) und “anaphoric
            reference” (“AR”).</tagUsage>
          <tagUsage gi="Beginn der direkten Rede (Maria)">Here, the relation of the clause with
            respect to the preceding context was annotated, especially in terms of discourse
            organization. We mainly distinguish between “situation shift” (Situationswechsel) und
            “anaphoric reference” (“AR”). Situationswechsel involves a change of time, place,
            speaker/narrator and participants.</tagUsage>
          <tagUsage gi="Situationswechsel, Ende der direkten Rede">Here, the relation of the clause
            with respect to the preceding context was annotated, especially in terms of discourse
            organization. We mainly distinguish between “situation shift” (Situationswechsel) und
            “anaphoric reference” (“AR”). Situationswechsel involves a change of time, place,
            speaker/narrator and participants.</tagUsage>
          <tagUsage gi="Situationswechsel?; Kommentar zur Prophezeiung">Here, the relation of the
            clause with respect to the preceding context was annotated, especially in terms of
            discourse organization. We mainly distinguish between “situation shift”
            (Situationswechsel) und “anaphoric reference” (“AR”). Situationswechsel involves a
            change of time, place, speaker/narrator and participants.</tagUsage>
          <tagUsage gi="Einführung neuer DR">Here, the relation of the clause with respect to the
            preceding context was annotated, especially in terms of discourse organization. We
            mainly distinguish between “situation shift” (Situationswechsel) und “anaphoric
            reference” (“AR”).</tagUsage>
          <tagUsage gi="Sprecherwechsel">Here, the relation of the clause with respect to the
            preceding context was annotated, especially in terms of discourse organization. We
            mainly distinguish between “situation shift” (Situationswechsel) und “anaphoric
            reference” (“AR”).</tagUsage>
          <tagUsage gi="Situationswechsel:neuer Abschnitt, Einleitung zur Erzählung">Here, the
            relation of the clause with respect to the preceding context was annotated, especially
            in terms of discourse organization. We mainly distinguish between “situation shift”
            (Situationswechsel) und “anaphoric reference” (“AR”). Situationswechsel involves a
            change of time, place, speaker/narrator and participants.</tagUsage>
          <tagUsage gi="für die Gesprächspartner neue Situation">Here, the relation of the clause
            with respect to the preceding context was annotated, especially in terms of discourse
            organization. We mainly distinguish between “situation shift” (Situationswechsel) und
            “anaphoric reference” (“AR”).</tagUsage>
          <tagUsage gi="Situationswechsel:Topikwechsel">Here, the relation of the clause with
            respect to the preceding context was annotated, especially in terms of discourse
            organization. We mainly distinguish between “situation shift” (Situationswechsel) und
            “anaphoric reference” (“AR”). Situationswechsel involves a change of time, place,
            speaker/narrator and participants.</tagUsage>
          <tagUsage gi="Situationswechsel:Beginn der Narration">Here, the relation of the clause
            with respect to the preceding context was annotated, especially in terms of discourse
            organization. We mainly distinguish between “situation shift” (Situationswechsel) und
            “anaphoric reference” (“AR”). Situationswechsel involves a change of time, place,
            speaker/narrator and participants.</tagUsage>
          <tagUsage gi="Situationswechsel:neue Fitte">Here, the relation of the clause with respect
            to the preceding context was annotated, especially in terms of discourse organization.
            We mainly distinguish between “situation shift” (Situationswechsel) und “anaphoric
            reference” (“AR”). Situationswechsel involves a change of time, place, speaker/narrator
            and participants.</tagUsage>
          <tagUsage gi="Einschub">Here, the relation of the clause with respect to the preceding
            context was annotated, especially in terms of discourse organization. We mainly
            distinguish between “situation shift” (Situationswechsel) und “anaphoric reference”
            (“AR”).</tagUsage>
          <tagUsage gi="Situationswechsel:Empfängnis">Here, the relation of the clause with respect
            to the preceding context was annotated, especially in terms of discourse organization.
            We mainly distinguish between “situation shift” (Situationswechsel) und “anaphoric
            reference” (“AR”). Situationswechsel involves a change of time, place, speaker/narrator
            and participants.</tagUsage>
          <tagUsage gi="Situationswechsel:zurück zur Hauptnarrationslinie">Here, the relation of the
            clause with respect to the preceding context was annotated, especially in terms of
            discourse organization. We mainly distinguish between “situation shift”
            (Situationswechsel) und “anaphoric reference” (“AR”). Situationswechsel involves a
            change of time, place, speaker/narrator and participants.</tagUsage>
          <tagUsage gi="AR ">Here, the relation of the clause with respect to the preceding context
            was annotated, especially in terms of discourse organization. We mainly distinguish
            between “situation shift” (Situationswechsel) und “anaphoric reference” (“AR”), (typo
            with "space").</tagUsage>
          <tagUsage gi="Situationswechsel:Einleitung in die Episode">Here, the relation of the
            clause with respect to the preceding context was annotated, especially in terms of
            discourse organization. We mainly distinguish between “situation shift”
            (Situationswechsel) und “anaphoric reference” (“AR”). Situationswechsel involves a
            change of time, place, speaker/narrator and participants.</tagUsage>
          <tagUsage gi="AR">Here, the relation of the clause with respect to the preceding context
            was annotated, especially in terms of discourse organization. We mainly distinguish
            between “situation shift” (Situationswechsel) und “anaphoric reference”
            (“AR”).</tagUsage>
          <tagUsage gi="Situationswechsel und neuer DR">Here, the relation of the clause with
            respect to the preceding context was annotated, especially in terms of discourse
            organization. We mainly distinguish between “situation shift” (Situationswechsel) und
            “anaphoric reference” (“AR”). Situationswechsel involves a change of time, place,
            speaker/narrator and participants.</tagUsage>
          <tagUsage gi="AR; Einführung eines neuen DR">Here, the relation of the clause with respect
            to the preceding context was annotated, especially in terms of discourse organization.
            We mainly distinguish between “situation shift” (Situationswechsel) und “anaphoric
            reference” (“AR”).</tagUsage>
          <tagUsage gi="Erläuterung">Here, the relation of the clause with respect to the preceding
            context was annotated, especially in terms of discourse organization. We mainly
            distinguish between “situation shift” (Situationswechsel) und “anaphoric reference”
            (“AR”).</tagUsage>
          <tagUsage gi="Beginn der direkten Rede (Gabriel)">Here, the relation of the clause with
            respect to the preceding context was annotated, especially in terms of discourse
            organization. We mainly distinguish between “situation shift” (Situationswechsel) und
            “anaphoric reference” (“AR”).</tagUsage>
          <tagUsage gi="Situationswechsel:Prophezeiung">Here, the relation of the clause with
            respect to the preceding context was annotated, especially in terms of discourse
            organization. We mainly distinguish between “situation shift” (Situationswechsel) und
            “anaphoric reference” (“AR”). Situationswechsel involves a change of time, place,
            speaker/narrator and participants.</tagUsage>
          <tagUsage gi="Situationswechsel">Here, the relation of the clause with respect to the
            preceding context was annotated, especially in terms of discourse organization. We
            mainly distinguish between “situation shift” (Situationswechsel) und “anaphoric
            reference” (“AR”). Situationswechsel involves a change of time, place, speaker/narrator
            and participants.</tagUsage>
          <tagUsage gi="Situationswechsel:erläuternder Einschub des Erzählers">Here, the relation of
            the clause with respect to the preceding context was annotated, especially in terms of
            discourse organization. We mainly distinguish between “situation shift”
            (Situationswechsel) und “anaphoric reference” (“AR”). Situationswechsel involves a
            change of time, place, speaker/narrator and participants.</tagUsage>
          <tagUsage gi="AR:Zusammenfassung">Here, the relation of the clause with respect to the
            preceding context was annotated, especially in terms of discourse organization. We
            mainly distinguish between “situation shift” (Situationswechsel) und “anaphoric
            reference” (“AR”).</tagUsage>
          <tagUsage gi="Situationswechsel:Ende der direkten Rede, zurück zur Erzählung">Here, the
            relation of the clause with respect to the preceding context was annotated, especially
            in terms of discourse organization. We mainly distinguish between “situation shift”
            (Situationswechsel) und “anaphoric reference” (“AR”). Situationswechsel involves a
            change of time, place, speaker/narrator and participants.</tagUsage>
          <tagUsage gi="Situationswechsel:neuer DR">Here, the relation of the clause with respect to
            the preceding context was annotated, especially in terms of discourse organization. We
            mainly distinguish between “situation shift” (Situationswechsel) und “anaphoric
            reference” (“AR”). Situationswechsel involves a change of time, place, speaker/narrator
            and participants.</tagUsage>
          <tagUsage gi="neuer DR">Here, the relation of the clause with respect to the preceding
            context was annotated, especially in terms of discourse organization. We mainly
            distinguish between “situation shift” (Situationswechsel) und “anaphoric reference”
            (“AR”).</tagUsage>
          <tagUsage gi="Situationswechsel:zurück zur Erzählung">Here, the relation of the clause
            with respect to the preceding context was annotated, especially in terms of discourse
            organization. We mainly distinguish between “situation shift” (Situationswechsel) und
            “anaphoric reference” (“AR”). Situationswechsel involves a change of time, place,
            speaker/narrator and participants.</tagUsage>
          <tagUsage gi="Situationswechsel:Evangeliare">Here, the relation of the clause with respect
            to the preceding context was annotated, especially in terms of discourse organization.
            We mainly distinguish between “situation shift” (Situationswechsel) und “anaphoric
            reference” (“AR”). Situationswechsel involves a change of time, place, speaker/narrator
            and participants.</tagUsage>
          <tagUsage gi="Situationswechsel,  neuer DR">Here, the relation of the clause with respect
            to the preceding context was annotated, especially in terms of discourse organization.
            We mainly distinguish between “situation shift” (Situationswechsel) und “anaphoric
            reference” (“AR”). Situationswechsel involves a change of time, place, speaker/narrator
            and participants.</tagUsage>
          <tagUsage gi="AR; eingeschobene Erläuterung, Unterbrechung der Hauptnarrationslinie">Here,
            the relation of the clause with respect to the preceding context was annotated,
            especially in terms of discourse organization. We mainly distinguish between “situation
            shift” (Situationswechsel) und “anaphoric reference” (“AR”).</tagUsage>
          <tagUsage gi="direkte Rede">Here, the relation of the clause with respect to the preceding
            context was annotated, especially in terms of discourse organization. We mainly
            distinguish between “situation shift” (Situationswechsel) und “anaphoric reference”
            (“AR”).</tagUsage>
          <tagUsage gi="Situationswechsel:Perspektivenwechsel">Here, the relation of the clause with
            respect to the preceding context was annotated, especially in terms of discourse
            organization. We mainly distinguish between “situation shift” (Situationswechsel) und
            “anaphoric reference” (“AR”). Situationswechsel involves a change of time, place,
            speaker/narrator and participants.</tagUsage>
          <tagUsage gi="Ende der direkten Rede">Here, the relation of the clause with respect to the
            preceding context was annotated, especially in terms of discourse organization. We
            mainly distinguish between “situation shift” (Situationswechsel) und “anaphoric
            reference” (“AR”).</tagUsage>
          <tagUsage gi="neue Situation:Beginn der Erzählung; Einführung neuer DR ">Here, the
            relation of the clause with respect to the preceding context was annotated, especially
            in terms of discourse organization. We mainly distinguish between “situation shift”
            (Situationswechsel) und “anaphoric reference” (“AR”). Situationswechsel involves a
            change of time, place, speaker/narrator and participants.</tagUsage>
          <tagUsage gi="Situationswechsel, neuer DR">Here, the relation of the clause with respect
            to the preceding context was annotated, especially in terms of discourse organization.
            We mainly distinguish between “situation shift” (Situationswechsel) und “anaphoric
            reference” (“AR”). Situationswechsel involves a change of time, place, speaker/narrator
            and participants.</tagUsage>
          <tagUsage gi="Beginn der Erzählung:Einführung">Here, the relation of the clause with
            respect to the preceding context was annotated, especially in terms of discourse
            organization. We mainly distinguish between “situation shift” (Situationswechsel) und
            “anaphoric reference” (“AR”).</tagUsage>
          <tagUsage gi="AR; Einführung neuer DR">Here, the relation of the clause with respect to
            the preceding context was annotated, especially in terms of discourse organization. We
            mainly distinguish between “situation shift” (Situationswechsel) und “anaphoric
            reference” (“AR”).</tagUsage>
          <tagUsage gi="Situationswechsel:Inhalt des Befehls">Here, the relation of the clause with
            respect to the preceding context was annotated, especially in terms of discourse
            organization. We mainly distinguish between “situation shift” (Situationswechsel) und
            “anaphoric reference” (“AR”). Situationswechsel involves a change of time, place,
            speaker/narrator and participants.</tagUsage>
          <tagUsage gi="AR">Here, the relation of the clause with respect to the preceding context
            was annotated, especially in terms of discourse organization. We mainly distinguish
            between “situation shift” (Situationswechsel) und “anaphoric reference”
            (“AR”).</tagUsage>
          <tagUsage gi="Beginn der direkten Rede">Here, the relation of the clause with respect to
            the preceding context was annotated, especially in terms of discourse organization. We
            mainly distinguish between “situation shift” (Situationswechsel) und “anaphoric
            reference” (“AR”).</tagUsage>
        </namespace>
        <namespace name="givenness" rend="Syntactical" xml:id="givenness">
          <tagUsage gi="NEW">The 'givenness' tags are assigned to discourse referents only.
            Expressions that are accessible via contextual reference to a given entity or to the
            assumed world knowledge of the interlocutors are marked by ACC, expressions that refer
            to entities with a given antecedent in the context are marked by GIV and expressions
            that refer to entities with no antecedent in the context are marked by NEW.</tagUsage>
          <tagUsage gi="giv:inactive">The 'givenness' tags are assigned to discourse referents only.
            Expressions that are accessible via contextual reference to a given entity or to the
            assumed world knowledge of the interlocutors are marked by ACC, expressions that refer
            to entities with a given antecedent in the context are marked by GIV and expressions
            that refer to entities with no antecedent in the context are marked by NEW.</tagUsage>
          <tagUsage gi="GIV">The 'givenness' tags are assigned to discourse referents only.
            Expressions that are accessible via contextual reference to a given entity or to the
            assumed world knowledge of the interlocutors are marked by ACC, expressions that refer
            to entities with a given antecedent in the context are marked by GIV and expressions
            that refer to entities with no antecedent in the context are marked by NEW.</tagUsage>
          <tagUsage gi="giv:active">The 'givenness' tags are assigned to discourse referents only.
            Expressions that are accessible via contextual reference to a given entity or to the
            assumed world knowledge of the interlocutors are marked by ACC, expressions that refer
            to entities with a given antecedent in the context are marked by GIV and expressions
            that refer to entities with no antecedent in the context are marked by NEW.</tagUsage>
          <tagUsage gi="acc:inf">The 'givenness' tags are assigned to discourse referents only.
            Expressions that are accessible via contextual reference to a given entity or to the
            assumed world knowledge of the interlocutors are marked by ACC, expressions that refer
            to entities with a given antecedent in the context are marked by GIV and expressions
            that refer to entities with no antecedent in the context are marked by NEW.</tagUsage>
          <tagUsage gi="new ">The 'givenness' tags are assigned to discourse referents only.
            Expressions that are accessible via contextual reference to a given entity or to the
            assumed world knowledge of the interlocutors are marked by ACC, expressions that refer
            to entities with a given antecedent in the context are marked by GIV and expressions
            that refer to entities with no antecedent in the context are marked by NEW.</tagUsage>
          <tagUsage gi="giv:semiactive">The 'givenness' tags are assigned to discourse referents
            only. Expressions that are accessible via contextual reference to a given entity or to
            the assumed world knowledge of the interlocutors are marked by ACC, expressions that
            refer to entities with a given antecedent in the context are marked by GIV and
            expressions that refer to entities with no antecedent in the context are marked by
            NEW.</tagUsage>
          <tagUsage gi="acc:sit">The 'givenness' tags are assigned to discourse referents only.
            Expressions that are accessible via contextual reference to a given entity or to the
            assumed world knowledge of the interlocutors are marked by ACC, expressions that refer
            to entities with a given antecedent in the context are marked by GIV and expressions
            that refer to entities with no antecedent in the context are marked by NEW.</tagUsage>
          <tagUsage gi="acc:gen">The 'givenness' tags are assigned to discourse referents only.
            Expressions that are accessible via contextual reference to a given entity or to the
            assumed world knowledge of the interlocutors are marked by ACC, expressions that refer
            to entities with a given antecedent in the context are marked by GIV and expressions
            that refer to entities with no antecedent in the context are marked by NEW.</tagUsage>
          <tagUsage gi="acc:aggr">The 'givenness' tags are assigned to discourse referents only.
            Expressions that are accessible via contextual reference to a given entity or to the
            assumed world knowledge of the interlocutors are marked by ACC, expressions that refer
            to entities with a given antecedent in the context are marked by GIV and expressions
            that refer to entities with no antecedent in the context are marked by NEW.</tagUsage>
          <tagUsage gi="ACC">The 'givenness' tags are assigned to discourse referents only.
            Expressions that are accessible via contextual reference to a given entity or to the
            assumed world knowledge of the interlocutors are marked by ACC, expressions that refer
            to entities with a given antecedent in the context are marked by GIV and expressions
            that refer to entities with no antecedent in the context are marked by NEW.</tagUsage>
        </namespace>
        <namespace name="position" rend="Syntactical" xml:id="position">
          <tagUsage gi="INIT">Initial. In this tire, we mark the occurrence of a topic-marking
            construction.</tagUsage>
          <tagUsage gi="NONINIT">Non-initial. In this tire, we mark the occurrence of a
            topic-marking construction.</tagUsage>
        </namespace>
        <namespace name="top-comm" rend="Syntactical" xml:id="top-comm">
          <tagUsage gi="TOP">Topic. If the sentence favours a topic-comment reading as described
            above, we mark the constituent that is put in A for topic.</tagUsage>
          <tagUsage gi="COMM">Comment. The rest of a clause with a topic is annotated for comment.
            If the entire clause is annotated for comment, this implies that a topic-comment
            division applies but there is no overt topic phrase (e.g., due to topic-drop
            etc.).</tagUsage>
        </namespace>
        <namespace name="bibl" rend="Meta" xml:id="bibl">
          <tagUsage gi="String">Respective information according to manuscript page and line, scribe
            and concordance notes, e.g. "Hel, 4, 244, ed. Sievers, M" or "Hel 1, 13, ed. Sievers,
            C".</tagUsage>
        </namespace>
        <namespace name="comment" rend="Meta" xml:id="comment">
          <tagUsage gi="String">This is a line for individual remarks and comments of the
            annotator.</tagUsage>
        </namespace>
        <namespace name="clause-status" rend="Syntactical" xml:id="clause-status">
          <tagUsage gi="SUBORDINATETEMP">Apart from the traditional classification of main and
            subordinate clauses, we distinguish causal and relative clauses as separate
            classes.</tagUsage>
          <tagUsage gi="SUBORDINATECONDITIONAL">Apart from the traditional classification of main
            and subordinate clauses, we distinguish causal and relative clauses as separate
            classes.</tagUsage>
          <tagUsage gi="MAININT">Apart from the traditional classification of main and subordinate
            clauses, we distinguish causal and relative clauses as separate classes.</tagUsage>
          <tagUsage gi="main:imperative ">Apart from the traditional classification of main and
            subordinate clauses, we distinguish causal and relative clauses as separate
            classes.</tagUsage>
          <tagUsage gi="subordinate:modal">Apart from the traditional classification of main and
            subordinate clauses, we distinguish causal and relative clauses as separate
            classes.</tagUsage>
          <tagUsage gi="MAINIMPERATIVE">Apart from the traditional classification of main and
            subordinate clauses, we distinguish causal and relative clauses as separate
            classes.</tagUsage>
          <tagUsage gi="main:declarative_1">Apart from the traditional classification of main and
            subordinate clauses, we distinguish causal and relative clauses as separate
            classes.</tagUsage>
          <tagUsage gi="main:declarative + infinitive construction:object">Apart from the
            traditional classification of main and subordinate clauses, we distinguish causal and
            relative clauses as separate classes.</tagUsage>
          <tagUsage gi="main:declarative1">Apart from the traditional classification of main and
            subordinate clauses, we distinguish causal and relative clauses as separate
            classes.</tagUsage>
          <tagUsage gi="subordinate:su">Apart from the traditional classification of main and
            subordinate clauses, we distinguish causal and relative clauses as separate
            classes.</tagUsage>
          <tagUsage gi="subordinate:consessive">Apart from the traditional classification of main
            and subordinate clauses, we distinguish causal and relative clauses as separate
            classes.</tagUsage>
          <tagUsage gi="subordinate:concessive">Apart from the traditional classification of main
            and subordinate clauses, we distinguish causal and relative clauses as separate
            classes.</tagUsage>
          <tagUsage gi="SUBORDINATEFINAL">Apart from the traditional classification of main and
            subordinate clauses, we distinguish causal and relative clauses as separate
            classes.</tagUsage>
          <tagUsage gi="MAINDECLARATIVE">Apart from the traditional classification of main and
            subordinate clauses, we distinguish causal and relative clauses as separate
            classes.</tagUsage>
          <tagUsage gi="subordinate:obj">Apart from the traditional classification of main and
            subordinate clauses, we distinguish causal and relative clauses as separate
            classes.</tagUsage>
          <tagUsage gi="subordinate:temporal">Apart from the traditional classification of main and
            subordinate clauses, we distinguish causal and relative clauses as separate
            classes.</tagUsage>
          <tagUsage gi="inf:do">Apart from the traditional classification of main and subordinate
            clauses, we distinguish causal and relative clauses as separate classes.</tagUsage>
          <tagUsage gi="main:declarative ">Apart from the traditional classification of main and
            subordinate clauses, we distinguish causal and relative clauses as separate
            classes.</tagUsage>
          <tagUsage gi="subordinate:adversative">Apart from the traditional classification of main
            and subordinate clauses, we distinguish causal and relative clauses as separate
            classes.</tagUsage>
          <tagUsage gi="CAUSAL">Apart from the traditional classification of main and subordinate
            clauses, we distinguish causal and relative clauses as separate classes.</tagUsage>
          <tagUsage gi="subordinate:restrictive">Apart from the traditional classification of main
            and subordinate clauses, we distinguish causal and relative clauses as separate
            classes.</tagUsage>
          <tagUsage gi="main:optative">Apart from the traditional classification of main and
            subordinate clauses, we distinguish causal and relative clauses as separate
            classes.</tagUsage>
          <tagUsage gi="main:declarative 2">Apart from the traditional classification of main and
            subordinate clauses, we distinguish causal and relative clauses as separate
            classes.</tagUsage>
          <tagUsage gi="SUBORDINATEOBJ">Apart from the traditional classification of main and
            subordinate clauses, we distinguish causal and relative clauses as separate
            classes.</tagUsage>
          <tagUsage gi="main:declarative 1">Apart from the traditional classification of main and
            subordinate clauses, we distinguish causal and relative clauses as separate
            classes.</tagUsage>
          <tagUsage gi="SUBORDINATECONSECUTIVE">Apart from the traditional classification of main
            and subordinate clauses, we distinguish causal and relative clauses as separate
            classes.</tagUsage>
          <tagUsage gi="RELATIVE">Apart from the traditional classification of main and subordinate
            clauses, we distinguish causal and relative clauses as separate classes.</tagUsage>
        </namespace>
        <namespace name="aboutness" rend="Syntactical" xml:id="aboutness">
          <tagUsage gi="ref">This tag is given to phrases that are potential candidates for topics
            in the clause.</tagUsage>
          <tagUsage gi="frame">This tag is given to phrases that are potential candidates for topics
            in the clause.</tagUsage>
        </namespace>
        <namespace name="cat" rend="Syntactical" xml:id="cat">
          <tagUsage gi="np 2">Syntactic category annotation.</tagUsage>
          <tagUsage gi="NP">Nominal phrase.</tagUsage>
          <tagUsage gi="np 1">Syntactic category annotation.</tagUsage>
          <tagUsage gi="ADVP">Adverbial phrase.</tagUsage>
          <tagUsage gi="VP">Verbal phrase.</tagUsage>
          <tagUsage gi="PP">Prepositional phrase.</tagUsage>
          <tagUsage gi="pp 2">Syntactic category annotation.</tagUsage>
          <tagUsage gi="pp 1">Syntactic category annotation.</tagUsage>
          <tagUsage gi="AP">Adjective phrase.</tagUsage>
        </namespace>
        <namespace name="pos" rend="Lexical" xml:id="pos">
          <tagUsage gi="PRONPRS">Part of speech annotation.</tagUsage>
          <tagUsage gi="VCOP">Part of speech annotation.</tagUsage>
          <tagUsage gi="PRONDEM">Part of speech annotation.</tagUsage>
          <tagUsage gi="particle:relative">Part of speech annotation.</tagUsage>
          <tagUsage gi="ADVMOD">Part of speech annotation.</tagUsage>
          <tagUsage gi="adv:conj">Part of speech annotation.</tagUsage>
          <tagUsage gi="NEG">Part of speech annotation.</tagUsage>
          <tagUsage gi="ADVCAUS">Part of speech annotation.</tagUsage>
          <tagUsage gi="V">Part of speech annotation.</tagUsage>
          <tagUsage gi="ADVTEMP">Part of speech annotation.</tagUsage>
          <tagUsage gi="P">Part of speech annotation.</tagUsage>
          <tagUsage gi="N">Part of speech annotation.</tagUsage>
          <tagUsage gi="prep+n">Part of speech annotation.</tagUsage>
          <tagUsage gi="prep ">Part of speech annotation.</tagUsage>
          <tagUsage gi="vfin">Part of speech annotation.</tagUsage>
          <tagUsage gi="neg+#cop">Part of speech annotation.</tagUsage>
          <tagUsage gi="PTC">Part of speech annotation.</tagUsage>
          <tagUsage gi="adv:neg">Part of speech annotation.</tagUsage>
          <tagUsage gi="NUM">Part of speech annotation.</tagUsage>
          <tagUsage gi="prnum">Part of speech annotation.</tagUsage>
          <tagUsage gi="(v)adj">Part of speech annotation.</tagUsage>
          <tagUsage gi="PRONINDEF">Part of speech annotation.</tagUsage>
          <tagUsage gi="ADVLOC">Part of speech annotation.</tagUsage>
          <tagUsage gi="A">Part of speech annotation.</tagUsage>
          <tagUsage gi="CONJ">Part of speech annotation.</tagUsage>
          <tagUsage gi="PRONINT">Part of speech annotation.</tagUsage>
          <tagUsage gi="ADVDIR">Part of speech annotation.</tagUsage>
          <tagUsage gi="printerr">Part of speech annotation.</tagUsage>
          <tagUsage gi="modal">Part of speech annotation.</tagUsage>
          <tagUsage gi="VAUX">Part of speech annotation.</tagUsage>
          <tagUsage gi="PRONREL">Part of speech annotation.</tagUsage>
          <tagUsage gi="VA">Part of speech annotation.</tagUsage>
          <tagUsage gi="PRONPOS">Part of speech annotation.</tagUsage>
        </namespace>
        <namespace name="gf" rend="Syntactical" xml:id="gf">
          <tagUsage gi="app_attr">Grammatical function annotation.</tagUsage>
          <tagUsage gi="app">Grammatical function annotation.</tagUsage>
          <tagUsage gi="app_predattr">Grammatical function annotation.</tagUsage>
          <tagUsage gi="PO">Grammatical function annotation.</tagUsage>
          <tagUsage gi="ADVCAUS">Grammatical function annotation.</tagUsage>
          <tagUsage gi="app_adv:dir">Grammatical function annotation.</tagUsage>
          <tagUsage gi="do_infinitive_constr.">Grammatical function annotation.</tagUsage>
          <tagUsage gi="ATTRSUBJ">Grammatical function annotation.</tagUsage>
          <tagUsage gi="su_2">Grammatical function annotation.</tagUsage>
          <tagUsage gi="PRDNOM">Grammatical function annotation.</tagUsage>
          <tagUsage gi="predattr">Grammatical function annotation.</tagUsage>
          <tagUsage gi="su_1">Grammatical function annotation.</tagUsage>
          <tagUsage gi="po 2">Grammatical function annotation.</tagUsage>
          <tagUsage gi="po 1">Grammatical function annotation.</tagUsage>
          <tagUsage gi="su ">Grammatical function annotation.</tagUsage>
          <tagUsage gi="app_su?">Grammatical function annotation.</tagUsage>
          <tagUsage gi="ADVTEMP">Grammatical function annotation.</tagUsage>
          <tagUsage gi="app_do ">Grammatical function annotation.</tagUsage>
          <tagUsage gi="PRD">Grammatical function annotation.</tagUsage>
          <tagUsage gi="app_inf">Grammatical function annotation.</tagUsage>
          <tagUsage gi="app_adv">Grammatical function annotation.</tagUsage>
          <tagUsage gi="io 2">Grammatical function annotation.</tagUsage>
          <tagUsage gi="io ">Grammatical function annotation.</tagUsage>
          <tagUsage gi="io 1">Grammatical function annotation.</tagUsage>
          <tagUsage gi="app_io+pred">Grammatical function annotation.</tagUsage>
          <tagUsage gi="attr_adv:dir">Grammatical function annotation.</tagUsage>
          <tagUsage gi="IO">Grammatical function annotation.</tagUsage>
          <tagUsage gi="app_adv:loc">Grammatical function annotation.</tagUsage>
          <tagUsage gi="attr_do">Grammatical function annotation.</tagUsage>
          <tagUsage gi="INF">Grammatical function annotation.</tagUsage>
          <tagUsage gi="do main clause">Grammatical function annotation.</tagUsage>
          <tagUsage gi="app_adv:temp2">Grammatical function annotation.</tagUsage>
          <tagUsage gi="attr_su">Grammatical function annotation.</tagUsage>
          <tagUsage gi="attr:pred">Grammatical function annotation.</tagUsage>
          <tagUsage gi="adv:temp2">Grammatical function annotation.</tagUsage>
          <tagUsage gi="adv:temp1">Grammatical function annotation.</tagUsage>
          <tagUsage gi="attr_po">Grammatical function annotation.</tagUsage>
          <tagUsage gi="app_pred">Grammatical function annotation.</tagUsage>
          <tagUsage gi="PARTPR">Grammatical function annotation.</tagUsage>
          <tagUsage gi="pred ">Grammatical function annotation.</tagUsage>
          <tagUsage gi="pred 2">Grammatical function annotation.</tagUsage>
          <tagUsage gi="pred 1">Grammatical function annotation.</tagUsage>
          <tagUsage gi="VFIN">Grammatical function annotation.</tagUsage>
          <tagUsage gi="VOC">Grammatical function annotation.</tagUsage>
          <tagUsage gi="adv:neg">Grammatical function annotation.</tagUsage>
          <tagUsage gi="app_do">Grammatical function annotation.</tagUsage>
          <tagUsage gi="PARTPF">Grammatical function annotation.</tagUsage>
          <tagUsage gi="app_do+inf">Grammatical function annotation.</tagUsage>
          <tagUsage gi="ap_do">Grammatical function annotation.</tagUsage>
          <tagUsage gi="app_su">Grammatical function annotation.</tagUsage>
          <tagUsage gi="prep">Grammatical function annotation.</tagUsage>
          <tagUsage gi="adv:conj">Grammatical function annotation.</tagUsage>
          <tagUsage gi="ADVDIR">Grammatical function annotation.</tagUsage>
          <tagUsage gi="app_po">Grammatical function annotation.</tagUsage>
          <tagUsage gi="do_1">Grammatical function annotation.</tagUsage>
          <tagUsage gi="ATTR">Grammatical function annotation.</tagUsage>
          <tagUsage gi="attr_su_2">Grammatical function annotation.</tagUsage>
          <tagUsage gi="attr_su_1">Grammatical function annotation.</tagUsage>
          <tagUsage gi="adv:loc ">Grammatical function annotation.</tagUsage>
          <tagUsage gi="app_vp">Grammatical function annotation.</tagUsage>
          <tagUsage gi="prefix">Grammatical function annotation.</tagUsage>
          <tagUsage gi="app_attr/su">Grammatical function annotation.</tagUsage>
          <tagUsage gi="ADVMOD">Grammatical function annotation.</tagUsage>
          <tagUsage gi="do ">Grammatical function annotation.</tagUsage>
          <tagUsage gi="app_infinitive_constr.">Grammatical function annotation.</tagUsage>
          <tagUsage gi="SUBJ">Grammatical function annotation.</tagUsage>
          <tagUsage gi="ADVLOC">Grammatical function annotation.</tagUsage>
          <tagUsage gi="app_io">Grammatical function annotation.</tagUsage>
          <tagUsage gi="DO">Grammatical function annotation.</tagUsage>
        </namespace>
        <namespace name="definiteness" rend="Syntactical" xml:id="definiteness">
          <tagUsage gi="DEF">Definite. At this level, we annotate the semantic properties of phrases
            with respect to the definite/indefinite distinction. In OHG, the system of definite
            determiners is not fully developed yet. Therefore, we annotate the semantic
            interpretation of the phrase despite of the presence of a definite or indefinite
            marker.</tagUsage>
          <tagUsage gi="INDEF">Indefinite. At this level, we annotate the semantic properties of
            phrases with respect to the definite/indefinite distinction. In OHG, the system of
            definite determiners is not fully developed yet. Therefore, we annotate the semantic
            interpretation of the phrase despite of the presence of a definite or indefinite
            marker.</tagUsage>
        </namespace>
        <namespace name="foc-marker" rend="Syntactical" xml:id="foc-marker">
          <tagUsage gi="FEXP">Focus-Marker: In this layer, we annotate focus sensitive operators
            like additive 'also', exclusive 'only', etc., as well as wh-words.</tagUsage>
          <tagUsage gi="nf">Focus-Marker: In this layer, we annotate focus sensitive operators like
            additive 'also', exclusive 'only', etc., as well as wh-words.</tagUsage>
          <tagUsage gi="nf_1">Focus-Marker: In this layer, we annotate focus sensitive operators
            like additive 'also', exclusive 'only', etc., as well as wh-words.</tagUsage>
        </namespace>
        <namespace name="trans" rend="Transcription" xml:id="trans">
          <tagUsage gi="String">Translation layer (sentence per sentence).</tagUsage>
        </namespace>
      </tagsDecl>
    </encodingDesc>
    <encodingDesc n="2">
      
      <appInfo>
        <application ident="relANNIS" version="3">
          <label>relANNIS</label>
        </application>
      </appInfo>
      <projectDesc>
        <p>
          The present corpus, the Heliand Corpus, provides morpho-syntactic and information
          structural annotation. This corpus was designed and annotated by Project B4 of
          Collaborative Research Center on Information Structure 632 at Humboldt University Berlin.
          The main research question is to analyse the role of information structure in language
            change.
          <ref target="https://www.sfb632.uni-potsdam.de/aprojekte/b4.html" />
        </p>
      </projectDesc>
      <editorialDecl>
        <segmentation>
          <p>Segmentation is based on 'tok'.</p>
        </segmentation>
        <normalization>
          <p>NA</p>
        </normalization>
      </editorialDecl>
      <tagsDecl>
        <namespace corresp="tok" name="tok" rend="Transcription">
          <tagUsage gi="String">Transcription layer.</tagUsage>
        </namespace>
        <namespace corresp="foc-bg" name="foc-bg" rend="Syntactical">
          <tagUsage gi="bg">Focus background annotation.</tagUsage>
          <tagUsage gi="nf_1">Focus background annotation.</tagUsage>
          <tagUsage gi="nf">Focus background annotation.</tagUsage>
          <tagUsage gi="CF">Focus background annotation.</tagUsage>
        </namespace>
        <namespace corresp="alliteration" name="alliteration" rend="Syntactical">
          <tagUsage gi="+">NA</tagUsage>
          <tagUsage gi="(+)">NA</tagUsage>
        </namespace>
        <namespace corresp="syl_no" name="syl_no" rend="Syntactical">
          <tagUsage gi="INT">The number of syllables per syntactic constituent.</tagUsage>
        </namespace>
        <namespace corresp="context" name="context" rend="Syntactical">
          <tagUsage gi="Weiterführung von 418">Here, the relation of the clause with respect to the
            preceding context was annotated, especially in terms of discourse organization. We
            mainly distinguish between “situation shift” (Situationswechsel) und “anaphoric
            reference” (“AR”).</tagUsage>
          <tagUsage gi="Beginn direkte Rede">Here, the relation of the clause with respect to the
            preceding context was annotated, especially in terms of discourse organization. We
            mainly distinguish between “situation shift” (Situationswechsel) und “anaphoric
            reference” (“AR”).</tagUsage>
          <tagUsage gi="Beginn der direkten Rede (Maria)">Here, the relation of the clause with
            respect to the preceding context was annotated, especially in terms of discourse
            organization. We mainly distinguish between “situation shift” (Situationswechsel) und
            “anaphoric reference” (“AR”). Situationswechsel involves a change of time, place,
            speaker/narrator and participants.</tagUsage>
          <tagUsage gi="Situationswechsel, Ende der direkten Rede">Here, the relation of the clause
            with respect to the preceding context was annotated, especially in terms of discourse
            organization. We mainly distinguish between “situation shift” (Situationswechsel) und
            “anaphoric reference” (“AR”). Situationswechsel involves a change of time, place,
            speaker/narrator and participants.</tagUsage>
          <tagUsage gi="Situationswechsel?; Kommentar zur Prophezeiung">Here, the relation of the
            clause with respect to the preceding context was annotated, especially in terms of
            discourse organization. We mainly distinguish between “situation shift”
            (Situationswechsel) und “anaphoric reference” (“AR”). Situationswechsel involves a
            change of time, place, speaker/narrator and participants.</tagUsage>
          <tagUsage gi="Einführung neuer DR">Here, the relation of the clause with respect to the
            preceding context was annotated, especially in terms of discourse organization. We
            mainly distinguish between “situation shift” (Situationswechsel) und “anaphoric
            reference” (“AR”).</tagUsage>
          <tagUsage gi="Sprecherwechsel">Here, the relation of the clause with respect to the
            preceding context was annotated, especially in terms of discourse organization. We
            mainly distinguish between “situation shift” (Situationswechsel) und “anaphoric
            reference” (“AR”).</tagUsage>
          <tagUsage gi="Situationswechsel:neuer Abschnitt, Einleitung zur Erzählung">Here, the
            relation of the clause with respect to the preceding context was annotated, especially
            in terms of discourse organization. We mainly distinguish between “situation shift”
            (Situationswechsel) und “anaphoric reference” (“AR”). Situationswechsel involves a
            change of time, place, speaker/narrator and participants.</tagUsage>
          <tagUsage gi="für die Gesprächspartner neue Situation">Here, the relation of the clause
            with respect to the preceding context was annotated, especially in terms of discourse
            organization. We mainly distinguish between “situation shift” (Situationswechsel) und
            “anaphoric reference” (“AR”).</tagUsage>
          <tagUsage gi="Situationswechsel:Topikwechsel">Here, the relation of the clause with
            respect to the preceding context was annotated, especially in terms of discourse
            organization. We mainly distinguish between “situation shift” (Situationswechsel) und
            “anaphoric reference” (“AR”). Situationswechsel involves a change of time, place,
            speaker/narrator and participants.</tagUsage>
          <tagUsage gi="Situationswechsel:Beginn der Narration">Here, the relation of the clause
            with respect to the preceding context was annotated, especially in terms of discourse
            organization. We mainly distinguish between “situation shift” (Situationswechsel) und
            “anaphoric reference” (“AR”). Situationswechsel involves a change of time, place,
            speaker/narrator and participants.</tagUsage>
          <tagUsage gi="Situationswechsel:neue Fitte">Here, the relation of the clause with respect
            to the preceding context was annotated, especially in terms of discourse organization.
            We mainly distinguish between “situation shift” (Situationswechsel) und “anaphoric
            reference” (“AR”). Situationswechsel involves a change of time, place, speaker/narrator
            and participants.</tagUsage>
          <tagUsage gi="Einschub">Here, the relation of the clause with respect to the preceding
            context was annotated, especially in terms of discourse organization. We mainly
            distinguish between “situation shift” (Situationswechsel) und “anaphoric reference”
            (“AR”).</tagUsage>
          <tagUsage gi="Situationswechsel:Empfängnis">Here, the relation of the clause with respect
            to the preceding context was annotated, especially in terms of discourse organization.
            We mainly distinguish between “situation shift” (Situationswechsel) und “anaphoric
            reference” (“AR”). Situationswechsel involves a change of time, place, speaker/narrator
            and participants.</tagUsage>
          <tagUsage gi="Situationswechsel:zurück zur Hauptnarrationslinie">Here, the relation of the
            clause with respect to the preceding context was annotated, especially in terms of
            discourse organization. We mainly distinguish between “situation shift”
            (Situationswechsel) und “anaphoric reference” (“AR”). Situationswechsel involves a
            change of time, place, speaker/narrator and participants.</tagUsage>
          <tagUsage gi="AR ">Here, the relation of the clause with respect to the preceding context
            was annotated, especially in terms of discourse organization. We mainly distinguish
            between “situation shift” (Situationswechsel) und “anaphoric reference” (“AR”), (typo
            with "space").</tagUsage>
          <tagUsage gi="Situationswechsel:Einleitung in die Episode">Here, the relation of the
            clause with respect to the preceding context was annotated, especially in terms of
            discourse organization. We mainly distinguish between “situation shift”
            (Situationswechsel) und “anaphoric reference” (“AR”). Situationswechsel involves a
            change of time, place, speaker/narrator and participants.</tagUsage>
          <tagUsage gi="AR">Here, the relation of the clause with respect to the preceding context
            was annotated, especially in terms of discourse organization. We mainly distinguish
            between “situation shift” (Situationswechsel) und “anaphoric reference”
            (“AR”).</tagUsage>
          <tagUsage gi="Situationswechsel und neuer DR">Here, the relation of the clause with
            respect to the preceding context was annotated, especially in terms of discourse
            organization. We mainly distinguish between “situation shift” (Situationswechsel) und
            “anaphoric reference” (“AR”). Situationswechsel involves a change of time, place,
            speaker/narrator and participants.</tagUsage>
          <tagUsage gi="AR; Einführung eines neuen DR">Here, the relation of the clause with respect
            to the preceding context was annotated, especially in terms of discourse organization.
            We mainly distinguish between “situation shift” (Situationswechsel) und “anaphoric
            reference” (“AR”).</tagUsage>
          <tagUsage gi="Erläuterung">Here, the relation of the clause with respect to the preceding
            context was annotated, especially in terms of discourse organization. We mainly
            distinguish between “situation shift” (Situationswechsel) und “anaphoric reference”
            (“AR”).</tagUsage>
          <tagUsage gi="Beginn der direkten Rede (Gabriel)">Here, the relation of the clause with
            respect to the preceding context was annotated, especially in terms of discourse
            organization. We mainly distinguish between “situation shift” (Situationswechsel) und
            “anaphoric reference” (“AR”).</tagUsage>
          <tagUsage gi="Situationswechsel:Prophezeiung">Here, the relation of the clause with
            respect to the preceding context was annotated, especially in terms of discourse
            organization. We mainly distinguish between “situation shift” (Situationswechsel) und
            “anaphoric reference” (“AR”). Situationswechsel involves a change of time, place,
            speaker/narrator and participants.</tagUsage>
          <tagUsage gi="Situationswechsel">Here, the relation of the clause with respect to the
            preceding context was annotated, especially in terms of discourse organization. We
            mainly distinguish between “situation shift” (Situationswechsel) und “anaphoric
            reference” (“AR”). Situationswechsel involves a change of time, place, speaker/narrator
            and participants.</tagUsage>
          <tagUsage gi="Situationswechsel:erläuternder Einschub des Erzählers">Here, the relation of
            the clause with respect to the preceding context was annotated, especially in terms of
            discourse organization. We mainly distinguish between “situation shift”
            (Situationswechsel) und “anaphoric reference” (“AR”). Situationswechsel involves a
            change of time, place, speaker/narrator and participants.</tagUsage>
          <tagUsage gi="AR:Zusammenfassung">Here, the relation of the clause with respect to the
            preceding context was annotated, especially in terms of discourse organization. We
            mainly distinguish between “situation shift” (Situationswechsel) und “anaphoric
            reference” (“AR”).</tagUsage>
          <tagUsage gi="Situationswechsel:Ende der direkten Rede, zurück zur Erzählung">Here, the
            relation of the clause with respect to the preceding context was annotated, especially
            in terms of discourse organization. We mainly distinguish between “situation shift”
            (Situationswechsel) und “anaphoric reference” (“AR”). Situationswechsel involves a
            change of time, place, speaker/narrator and participants.</tagUsage>
          <tagUsage gi="Situationswechsel:neuer DR">Here, the relation of the clause with respect to
            the preceding context was annotated, especially in terms of discourse organization. We
            mainly distinguish between “situation shift” (Situationswechsel) und “anaphoric
            reference” (“AR”). Situationswechsel involves a change of time, place, speaker/narrator
            and participants.</tagUsage>
          <tagUsage gi="neuer DR">Here, the relation of the clause with respect to the preceding
            context was annotated, especially in terms of discourse organization. We mainly
            distinguish between “situation shift” (Situationswechsel) und “anaphoric reference”
            (“AR”).</tagUsage>
          <tagUsage gi="Situationswechsel:zurück zur Erzählung">Here, the relation of the clause
            with respect to the preceding context was annotated, especially in terms of discourse
            organization. We mainly distinguish between “situation shift” (Situationswechsel) und
            “anaphoric reference” (“AR”). Situationswechsel involves a change of time, place,
            speaker/narrator and participants.</tagUsage>
          <tagUsage gi="Situationswechsel:Evangeliare">Here, the relation of the clause with respect
            to the preceding context was annotated, especially in terms of discourse organization.
            We mainly distinguish between “situation shift” (Situationswechsel) und “anaphoric
            reference” (“AR”). Situationswechsel involves a change of time, place, speaker/narrator
            and participants.</tagUsage>
          <tagUsage gi="Situationswechsel,  neuer DR">Here, the relation of the clause with respect
            to the preceding context was annotated, especially in terms of discourse organization.
            We mainly distinguish between “situation shift” (Situationswechsel) und “anaphoric
            reference” (“AR”). Situationswechsel involves a change of time, place, speaker/narrator
            and participants.</tagUsage>
          <tagUsage gi="AR; eingeschobene Erläuterung, Unterbrechung der Hauptnarrationslinie">Here,
            the relation of the clause with respect to the preceding context was annotated,
            especially in terms of discourse organization. We mainly distinguish between “situation
            shift” (Situationswechsel) und “anaphoric reference” (“AR”).</tagUsage>
          <tagUsage gi="direkte Rede">Here, the relation of the clause with respect to the preceding
            context was annotated, especially in terms of discourse organization. We mainly
            distinguish between “situation shift” (Situationswechsel) und “anaphoric reference”
            (“AR”).</tagUsage>
          <tagUsage gi="Situationswechsel:Perspektivenwechsel">Here, the relation of the clause with
            respect to the preceding context was annotated, especially in terms of discourse
            organization. We mainly distinguish between “situation shift” (Situationswechsel) und
            “anaphoric reference” (“AR”). Situationswechsel involves a change of time, place,
            speaker/narrator and participants.</tagUsage>
          <tagUsage gi="Ende der direkten Rede">Here, the relation of the clause with respect to the
            preceding context was annotated, especially in terms of discourse organization. We
            mainly distinguish between “situation shift” (Situationswechsel) und “anaphoric
            reference” (“AR”).</tagUsage>
          <tagUsage gi="neue Situation:Beginn der Erzählung; Einführung neuer DR ">Here, the
            relation of the clause with respect to the preceding context was annotated, especially
            in terms of discourse organization. We mainly distinguish between “situation shift”
            (Situationswechsel) und “anaphoric reference” (“AR”). Situationswechsel involves a
            change of time, place, speaker/narrator and participants.</tagUsage>
          <tagUsage gi="Situationswechsel, neuer DR">Here, the relation of the clause with respect
            to the preceding context was annotated, especially in terms of discourse organization.
            We mainly distinguish between “situation shift” (Situationswechsel) und “anaphoric
            reference” (“AR”). Situationswechsel involves a change of time, place, speaker/narrator
            and participants.</tagUsage>
          <tagUsage gi="Beginn der Erzählung:Einführung">Here, the relation of the clause with
            respect to the preceding context was annotated, especially in terms of discourse
            organization. We mainly distinguish between “situation shift” (Situationswechsel) und
            “anaphoric reference” (“AR”).</tagUsage>
          <tagUsage gi="AR; Einführung neuer DR">Here, the relation of the clause with respect to
            the preceding context was annotated, especially in terms of discourse organization. We
            mainly distinguish between “situation shift” (Situationswechsel) und “anaphoric
            reference” (“AR”).</tagUsage>
          <tagUsage gi="Situationswechsel:Inhalt des Befehls">Here, the relation of the clause with
            respect to the preceding context was annotated, especially in terms of discourse
            organization. We mainly distinguish between “situation shift” (Situationswechsel) und
            “anaphoric reference” (“AR”). Situationswechsel involves a change of time, place,
            speaker/narrator and participants.</tagUsage>
          <tagUsage gi="AR">Here, the relation of the clause with respect to the preceding context
            was annotated, especially in terms of discourse organization. We mainly distinguish
            between “situation shift” (Situationswechsel) und “anaphoric reference”
            (“AR”).</tagUsage>
          <tagUsage gi="Beginn der direkten Rede">Here, the relation of the clause with respect to
            the preceding context was annotated, especially in terms of discourse organization. We
            mainly distinguish between “situation shift” (Situationswechsel) und “anaphoric
            reference” (“AR”).</tagUsage>
        </namespace>
        <namespace corresp="givenness" name="givenness" rend="Syntactical">
          <tagUsage gi="NEW">The 'givenness' tags are assigned to discourse referents only.
            Expressions that are accessible via contextual reference to a given entity or to the
            assumed world knowledge of the interlocutors are marked by ACC, expressions that refer
            to entities with a given antecedent in the context are marked by GIV and expressions
            that refer to entities with no antecedent in the context are marked by NEW.</tagUsage>
          <tagUsage gi="giv:inactive">The 'givenness' tags are assigned to discourse referents only.
            Expressions that are accessible via contextual reference to a given entity or to the
            assumed world knowledge of the interlocutors are marked by ACC, expressions that refer
            to entities with a given antecedent in the context are marked by GIV and expressions
            that refer to entities with no antecedent in the context are marked by NEW.</tagUsage>
          <tagUsage gi="GIV">The 'givenness' tags are assigned to discourse referents only.
            Expressions that are accessible via contextual reference to a given entity or to the
            assumed world knowledge of the interlocutors are marked by ACC, expressions that refer
            to entities with a given antecedent in the context are marked by GIV and expressions
            that refer to entities with no antecedent in the context are marked by NEW.</tagUsage>
          <tagUsage gi="giv:active">The 'givenness' tags are assigned to discourse referents only.
            Expressions that are accessible via contextual reference to a given entity or to the
            assumed world knowledge of the interlocutors are marked by ACC, expressions that refer
            to entities with a given antecedent in the context are marked by GIV and expressions
            that refer to entities with no antecedent in the context are marked by NEW.</tagUsage>
          <tagUsage gi="acc:inf">The 'givenness' tags are assigned to discourse referents only.
            Expressions that are accessible via contextual reference to a given entity or to the
            assumed world knowledge of the interlocutors are marked by ACC, expressions that refer
            to entities with a given antecedent in the context are marked by GIV and expressions
            that refer to entities with no antecedent in the context are marked by NEW.</tagUsage>
          <tagUsage gi="new ">The 'givenness' tags are assigned to discourse referents only.
            Expressions that are accessible via contextual reference to a given entity or to the
            assumed world knowledge of the interlocutors are marked by ACC, expressions that refer
            to entities with a given antecedent in the context are marked by GIV and expressions
            that refer to entities with no antecedent in the context are marked by NEW.</tagUsage>
          <tagUsage gi="giv:semiactive">The 'givenness' tags are assigned to discourse referents
            only. Expressions that are accessible via contextual reference to a given entity or to
            the assumed world knowledge of the interlocutors are marked by ACC, expressions that
            refer to entities with a given antecedent in the context are marked by GIV and
            expressions that refer to entities with no antecedent in the context are marked by
            NEW.</tagUsage>
          <tagUsage gi="acc:sit">The 'givenness' tags are assigned to discourse referents only.
            Expressions that are accessible via contextual reference to a given entity or to the
            assumed world knowledge of the interlocutors are marked by ACC, expressions that refer
            to entities with a given antecedent in the context are marked by GIV and expressions
            that refer to entities with no antecedent in the context are marked by NEW.</tagUsage>
          <tagUsage gi="acc:gen">The 'givenness' tags are assigned to discourse referents only.
            Expressions that are accessible via contextual reference to a given entity or to the
            assumed world knowledge of the interlocutors are marked by ACC, expressions that refer
            to entities with a given antecedent in the context are marked by GIV and expressions
            that refer to entities with no antecedent in the context are marked by NEW.</tagUsage>
          <tagUsage gi="acc:aggr">The 'givenness' tags are assigned to discourse referents only.
            Expressions that are accessible via contextual reference to a given entity or to the
            assumed world knowledge of the interlocutors are marked by ACC, expressions that refer
            to entities with a given antecedent in the context are marked by GIV and expressions
            that refer to entities with no antecedent in the context are marked by NEW.</tagUsage>
          <tagUsage gi="ACC">The 'givenness' tags are assigned to discourse referents only.
            Expressions that are accessible via contextual reference to a given entity or to the
            assumed world knowledge of the interlocutors are marked by ACC, expressions that refer
            to entities with a given antecedent in the context are marked by GIV and expressions
            that refer to entities with no antecedent in the context are marked by NEW.</tagUsage>
        </namespace>
        <namespace corresp="position" name="position" rend="Syntactical">
          <tagUsage gi="INIT">NA</tagUsage>
          <tagUsage gi="NONINIT">NA</tagUsage>
        </namespace>
        <namespace corresp="top-comm" name="top-comm" rend="Syntactical">
          <tagUsage gi="TOP">Topic. If the sentence favours a topic-comment reading as described
            above, we mark the constituent that is put in A for topic.</tagUsage>
          <tagUsage gi="COMM">Comment. The rest of a clause with a topic is annotated for comment.
            If the entire clause is annotated for comment, this implies that a topic-comment
            division applies but there is no overt topic phrase (e.g., due to topic-drop
            etc.).</tagUsage>
        </namespace>
        <namespace corresp="bibl" name="bibl" rend="Meta">
          <tagUsage gi="String">Respective information according to manuscript page and line, scribe
            and concordance notes, e.g. "Hel, 4, 244, ed. Sievers, M" or "Hel 1, 13, ed. Sievers,
            C".</tagUsage>
        </namespace>
        <namespace corresp="comment" name="comment" rend="Meta">
          <tagUsage gi="String">This is a line for individual remarks and comments of the
            annotator.</tagUsage>
        </namespace>
        <namespace corresp="clause-status" name="clause-status" rend="Syntactical">
          <tagUsage gi="SUBORDINATETEMP">Apart from the traditional classification of main and
            subordinate clauses, we distinguish causal and relative clauses as separate
            classes.</tagUsage>
          <tagUsage gi="SUBORDINATECONDITIONAL">Apart from the traditional classification of main
            and subordinate clauses, we distinguish causal and relative clauses as separate
            classes.</tagUsage>
          <tagUsage gi="MAININT">Apart from the traditional classification of main and subordinate
            clauses, we distinguish causal and relative clauses as separate classes.</tagUsage>
          <tagUsage gi="main:imperative ">Apart from the traditional classification of main and
            subordinate clauses, we distinguish causal and relative clauses as separate
            classes.</tagUsage>
          <tagUsage gi="subordinate:modal">Apart from the traditional classification of main and
            subordinate clauses, we distinguish causal and relative clauses as separate
            classes.</tagUsage>
          <tagUsage gi="MAINIMPERATIVE">Apart from the traditional classification of main and
            subordinate clauses, we distinguish causal and relative clauses as separate
            classes.</tagUsage>
          <tagUsage gi="main:declarative_1">Apart from the traditional classification of main and
            subordinate clauses, we distinguish causal and relative clauses as separate
            classes.</tagUsage>
          <tagUsage gi="main:declarative + infinitive construction:object">Apart from the
            traditional classification of main and subordinate clauses, we distinguish causal and
            relative clauses as separate classes.</tagUsage>
          <tagUsage gi="main:declarative1">Apart from the traditional classification of main and
            subordinate clauses, we distinguish causal and relative clauses as separate
            classes.</tagUsage>
          <tagUsage gi="subordinate:su">Apart from the traditional classification of main and
            subordinate clauses, we distinguish causal and relative clauses as separate
            classes.</tagUsage>
          <tagUsage gi="subordinate:consessive">Apart from the traditional classification of main
            and subordinate clauses, we distinguish causal and relative clauses as separate
            classes.</tagUsage>
          <tagUsage gi="subordinate:concessive">Apart from the traditional classification of main
            and subordinate clauses, we distinguish causal and relative clauses as separate
            classes.</tagUsage>
          <tagUsage gi="SUBORDINATEFINAL">Apart from the traditional classification of main and
            subordinate clauses, we distinguish causal and relative clauses as separate
            classes.</tagUsage>
          <tagUsage gi="MAINDECLARATIVE">Apart from the traditional classification of main and
            subordinate clauses, we distinguish causal and relative clauses as separate
            classes.</tagUsage>
          <tagUsage gi="subordinate:obj">Apart from the traditional classification of main and
            subordinate clauses, we distinguish causal and relative clauses as separate
            classes.</tagUsage>
          <tagUsage gi="subordinate:temporal">Apart from the traditional classification of main and
            subordinate clauses, we distinguish causal and relative clauses as separate
            classes.</tagUsage>
          <tagUsage gi="inf:do">Apart from the traditional classification of main and subordinate
            clauses, we distinguish causal and relative clauses as separate classes.</tagUsage>
          <tagUsage gi="main:declarative ">Apart from the traditional classification of main and
            subordinate clauses, we distinguish causal and relative clauses as separate
            classes.</tagUsage>
          <tagUsage gi="subordinate:adversative">Apart from the traditional classification of main
            and subordinate clauses, we distinguish causal and relative clauses as separate
            classes.</tagUsage>
          <tagUsage gi="CAUSAL">Apart from the traditional classification of main and subordinate
            clauses, we distinguish causal and relative clauses as separate classes.</tagUsage>
          <tagUsage gi="subordinate:restrictive">Apart from the traditional classification of main
            and subordinate clauses, we distinguish causal and relative clauses as separate
            classes.</tagUsage>
          <tagUsage gi="main:optative">Apart from the traditional classification of main and
            subordinate clauses, we distinguish causal and relative clauses as separate
            classes.</tagUsage>
          <tagUsage gi="main:declarative 2">Apart from the traditional classification of main and
            subordinate clauses, we distinguish causal and relative clauses as separate
            classes.</tagUsage>
          <tagUsage gi="SUBORDINATEOBJ">Apart from the traditional classification of main and
            subordinate clauses, we distinguish causal and relative clauses as separate
            classes.</tagUsage>
          <tagUsage gi="main:declarative 1">Apart from the traditional classification of main and
            subordinate clauses, we distinguish causal and relative clauses as separate
            classes.</tagUsage>
          <tagUsage gi="SUBORDINATECONSECUTIVE">Apart from the traditional classification of main
            and subordinate clauses, we distinguish causal and relative clauses as separate
            classes.</tagUsage>
          <tagUsage gi="RELATIVE">Apart from the traditional classification of main and subordinate
            clauses, we distinguish causal and relative clauses as separate classes.</tagUsage>
        </namespace>
        <namespace corresp="aboutness" name="aboutness" rend="Syntactical">
          <tagUsage gi="ref">This tag is given to phrases that are potential candidates for topics
            in the clause.</tagUsage>
          <tagUsage gi="frame">This tag is given to phrases that are potential candidates for topics
            in the clause.</tagUsage>
        </namespace>
        <namespace corresp="cat" name="cat" rend="Syntactical">
          <tagUsage gi="np 2">Syntactic category annotation.</tagUsage>
          <tagUsage gi="NP">Nominal phrase.</tagUsage>
          <tagUsage gi="np 1">Syntactic category annotation.</tagUsage>
          <tagUsage gi="ADVP">Adverbial phrase.</tagUsage>
          <tagUsage gi="VP">Verbal phrase.</tagUsage>
          <tagUsage gi="PP">Prepositional phrase.</tagUsage>
          <tagUsage gi="pp 2">Syntactic category annotation.</tagUsage>
          <tagUsage gi="pp 1">Syntactic category annotation.</tagUsage>
          <tagUsage gi="AP">Adjective phrase.</tagUsage>
        </namespace>
        <namespace corresp="pos" name="pos" rend="Lexical">
          <tagUsage gi="PRONPRS">Part of speech annotation.</tagUsage>
          <tagUsage gi="VCOP">Part of speech annotation.</tagUsage>
          <tagUsage gi="PRONDEM">Part of speech annotation.</tagUsage>
          <tagUsage gi="particle:relative">Part of speech annotation.</tagUsage>
          <tagUsage gi="ADVMOD">Part of speech annotation.</tagUsage>
          <tagUsage gi="adv:conj">Part of speech annotation.</tagUsage>
          <tagUsage gi="NEG">Part of speech annotation.</tagUsage>
          <tagUsage gi="ADVCAUS">Part of speech annotation.</tagUsage>
          <tagUsage gi="V">Part of speech annotation.</tagUsage>
          <tagUsage gi="ADVTEMP">Part of speech annotation.</tagUsage>
          <tagUsage gi="P">Part of speech annotation.</tagUsage>
          <tagUsage gi="N">Part of speech annotation.</tagUsage>
          <tagUsage gi="prep+n">Part of speech annotation.</tagUsage>
          <tagUsage gi="prep ">Part of speech annotation.</tagUsage>
          <tagUsage gi="vfin">Part of speech annotation.</tagUsage>
          <tagUsage gi="neg+#cop">Part of speech annotation.</tagUsage>
          <tagUsage gi="PTC">Part of speech annotation.</tagUsage>
          <tagUsage gi="adv:neg">Part of speech annotation.</tagUsage>
          <tagUsage gi="NUM">Part of speech annotation.</tagUsage>
          <tagUsage gi="prnum">Part of speech annotation.</tagUsage>
          <tagUsage gi="(v)adj">Part of speech annotation.</tagUsage>
          <tagUsage gi="PRONINDEF">Part of speech annotation.</tagUsage>
          <tagUsage gi="ADVLOC">Part of speech annotation.</tagUsage>
          <tagUsage gi="A">Part of speech annotation.</tagUsage>
          <tagUsage gi="CONJ">Part of speech annotation.</tagUsage>
          <tagUsage gi="PRONINT">Part of speech annotation.</tagUsage>
          <tagUsage gi="ADVDIR">Part of speech annotation.</tagUsage>
          <tagUsage gi="printerr">Part of speech annotation.</tagUsage>
          <tagUsage gi="modal">Part of speech annotation.</tagUsage>
          <tagUsage gi="VAUX">Part of speech annotation.</tagUsage>
          <tagUsage gi="PRONREL">Part of speech annotation.</tagUsage>
          <tagUsage gi="VA">Part of speech annotation.</tagUsage>
          <tagUsage gi="PRONPOS">Part of speech annotation.</tagUsage>
        </namespace>
        <namespace corresp="gf" name="gf" rend="Syntactical">
          <tagUsage gi="app_attr">Grammatical function annotation.</tagUsage>
          <tagUsage gi="app">Grammatical function annotation.</tagUsage>
          <tagUsage gi="app_predattr">Grammatical function annotation.</tagUsage>
          <tagUsage gi="PO">Grammatical function annotation.</tagUsage>
          <tagUsage gi="ADVCAUS">Grammatical function annotation.</tagUsage>
          <tagUsage gi="app_adv:dir">Grammatical function annotation.</tagUsage>
          <tagUsage gi="do_infinitive_constr.">Grammatical function annotation.</tagUsage>
          <tagUsage gi="ATTRSUBJ">Grammatical function annotation.</tagUsage>
          <tagUsage gi="su_2">Grammatical function annotation.</tagUsage>
          <tagUsage gi="PRDNOM">Grammatical function annotation.</tagUsage>
          <tagUsage gi="predattr">Grammatical function annotation.</tagUsage>
          <tagUsage gi="su_1">Grammatical function annotation.</tagUsage>
          <tagUsage gi="po 2">Grammatical function annotation.</tagUsage>
          <tagUsage gi="po 1">Grammatical function annotation.</tagUsage>
          <tagUsage gi="su ">Grammatical function annotation.</tagUsage>
          <tagUsage gi="app_su?">Grammatical function annotation.</tagUsage>
          <tagUsage gi="ADVTEMP">Grammatical function annotation.</tagUsage>
          <tagUsage gi="app_do ">Grammatical function annotation.</tagUsage>
          <tagUsage gi="PRD">Grammatical function annotation.</tagUsage>
          <tagUsage gi="app_inf">Grammatical function annotation.</tagUsage>
          <tagUsage gi="app_adv">Grammatical function annotation.</tagUsage>
          <tagUsage gi="io 2">Grammatical function annotation.</tagUsage>
          <tagUsage gi="io ">Grammatical function annotation.</tagUsage>
          <tagUsage gi="io 1">Grammatical function annotation.</tagUsage>
          <tagUsage gi="app_io+pred">Grammatical function annotation.</tagUsage>
          <tagUsage gi="attr_adv:dir">Grammatical function annotation.</tagUsage>
          <tagUsage gi="IO">Grammatical function annotation.</tagUsage>
          <tagUsage gi="app_adv:loc">Grammatical function annotation.</tagUsage>
          <tagUsage gi="attr_do">Grammatical function annotation.</tagUsage>
          <tagUsage gi="INF">Grammatical function annotation.</tagUsage>
          <tagUsage gi="do main clause">Grammatical function annotation.</tagUsage>
          <tagUsage gi="app_adv:temp2">Grammatical function annotation.</tagUsage>
          <tagUsage gi="attr_su">Grammatical function annotation.</tagUsage>
          <tagUsage gi="attr:pred">Grammatical function annotation.</tagUsage>
          <tagUsage gi="adv:temp2">Grammatical function annotation.</tagUsage>
          <tagUsage gi="adv:temp1">Grammatical function annotation.</tagUsage>
          <tagUsage gi="attr_po">Grammatical function annotation.</tagUsage>
          <tagUsage gi="app_pred">Grammatical function annotation.</tagUsage>
          <tagUsage gi="PARTPR">Grammatical function annotation.</tagUsage>
          <tagUsage gi="pred ">Grammatical function annotation.</tagUsage>
          <tagUsage gi="pred 2">Grammatical function annotation.</tagUsage>
          <tagUsage gi="pred 1">Grammatical function annotation.</tagUsage>
          <tagUsage gi="VFIN">Grammatical function annotation.</tagUsage>
          <tagUsage gi="VOC">Grammatical function annotation.</tagUsage>
          <tagUsage gi="adv:neg">Grammatical function annotation.</tagUsage>
          <tagUsage gi="app_do">Grammatical function annotation.</tagUsage>
          <tagUsage gi="PARTPF">Grammatical function annotation.</tagUsage>
          <tagUsage gi="app_do+inf">Grammatical function annotation.</tagUsage>
          <tagUsage gi="ap_do">Grammatical function annotation.</tagUsage>
          <tagUsage gi="app_su">Grammatical function annotation.</tagUsage>
          <tagUsage gi="prep">Grammatical function annotation.</tagUsage>
          <tagUsage gi="adv:conj">Grammatical function annotation.</tagUsage>
          <tagUsage gi="ADVDIR">Grammatical function annotation.</tagUsage>
          <tagUsage gi="app_po">Grammatical function annotation.</tagUsage>
          <tagUsage gi="do_1">Grammatical function annotation.</tagUsage>
          <tagUsage gi="ATTR">Grammatical function annotation.</tagUsage>
          <tagUsage gi="attr_su_2">Grammatical function annotation.</tagUsage>
          <tagUsage gi="attr_su_1">Grammatical function annotation.</tagUsage>
          <tagUsage gi="adv:loc ">Grammatical function annotation.</tagUsage>
          <tagUsage gi="app_vp">Grammatical function annotation.</tagUsage>
          <tagUsage gi="prefix">Grammatical function annotation.</tagUsage>
          <tagUsage gi="app_attr/su">Grammatical function annotation.</tagUsage>
          <tagUsage gi="ADVMOD">Grammatical function annotation.</tagUsage>
          <tagUsage gi="do ">Grammatical function annotation.</tagUsage>
          <tagUsage gi="app_infinitive_constr.">Grammatical function annotation.</tagUsage>
          <tagUsage gi="SUBJ">Grammatical function annotation.</tagUsage>
          <tagUsage gi="ADVLOC">Grammatical function annotation.</tagUsage>
          <tagUsage gi="app_io">Grammatical function annotation.</tagUsage>
          <tagUsage gi="DO">Grammatical function annotation.</tagUsage>
        </namespace>
        <namespace corresp="definiteness" name="definiteness" rend="Syntactical">
          <tagUsage gi="DEF">Definite. At this level, we annotate the semantic properties of phrases
            with respect to the definite/indefinite distinction. In OHG, the system of definite
            determiners is not fully developed yet. Therefore, we annotate the semantic
            interpretation of the phrase despite of the presence of a definite or indefinite
            marker.</tagUsage>
          <tagUsage gi="INDEF">Indefinite. At this level, we annotate the semantic properties of
            phrases with respect to the definite/indefinite distinction. In OHG, the system of
            definite determiners is not fully developed yet. Therefore, we annotate the semantic
            interpretation of the phrase despite of the presence of a definite or indefinite
            marker.</tagUsage>
        </namespace>
        <namespace corresp="foc-marker" name="foc-marker" rend="Syntactical">
          <tagUsage gi="FEXP">Focus-Marker: In this layer, we annotate focus sensitive operators
            like additive 'also', exclusive 'only', etc., as well as wh-words.</tagUsage>
          <tagUsage gi="nf">Focus-Marker: In this layer, we annotate focus sensitive operators like
            additive 'also', exclusive 'only', etc., as well as wh-words.</tagUsage>
          <tagUsage gi="nf_1">Focus-Marker: In this layer, we annotate focus sensitive operators
            like additive 'also', exclusive 'only', etc., as well as wh-words.</tagUsage>
        </namespace>
        <namespace corresp="trans" name="trans" rend="Transcription">
          <tagUsage gi="String">Translation layer (sentence per sentence).</tagUsage>
        </namespace>
        <namespace corresp="doc" name="meta::doc" rend="Transcription">
          <tagUsage gi="1_standoff">Title of the technical document</tagUsage>
          <tagUsage gi="4_standoff">Title of the technical document</tagUsage>
          <tagUsage gi="5_standoff">Title of the technical document</tagUsage>
          <tagUsage gi="6_standoff">Title of the technical document</tagUsage>
        </namespace>
      </tagsDecl>
    </encodingDesc>
    <revisionDesc>
      <change n="1.0" type="CorpusRelease" when="2015" who="SFB 632 B4 Project">The corpus is
        released in the LAUDATIO repository as well as in the HZSK repository(Hamburger Zentrum für
        Sprachkorpora,
        https://corpora.uni-hamburg.de/drupal/de/islandora/object/collection:sfb632).</change>
    </revisionDesc>
  </teiHeader>
  </TEI>
