<?xml version='1.0' encoding='utf-8'?>
<TEI xmlns="http://www.tei-c.org/ns/1.0">
  <teiHeader style="Herbology" type="DocumentHeader">
    <fileDesc xml:id="NochEinigeWorte-VR_1840_Meyen">
      <titleStmt>
        <title type="Document">Noch einige Worte über den Befruchtungsakt und die Poljembryonie bei
          den höheren Pflanzen (Vorwort)</title>
        <author>
          <persName key="gnd" ref="http://d-nb.info/gnd/116962437">
            <forename>Franz Julius Ferdinand</forename>
            <surname>Meyen</surname>
          </persName>
        </author>
        <editor>
          <persName>
            <forename>NA</forename>
            <surname>NA</surname>
          </persName>
        </editor>
        <respStmt>
          <resp>Metadata</resp>
          <persName><forename>Laura</forename><surname>Perlitz</surname>
          </persName>
          <orgName>Humboldt-Universität zu Berlin</orgName>
          <persName key="orcid" ref="https://orcid.org/0000-0003-4887-7701">
            <forename>Carolin</forename>
            <surname>Odebrecht</surname>
          </persName>
          <orgName>Humboldt-Universität zu Berlin</orgName>
        </respStmt>
      </titleStmt>
      <extent type="Tokens">365</extent>
      <publicationStmt>
        <publisher>Haude und Spenersche Buchhandlung (S. J. Joseephy.)</publisher>
        <idno>NA</idno>
        <pubPlace>Berlin</pubPlace>
        <date when="1840">1840</date>
        <biblScope>III-IV</biblScope>
      </publicationStmt>
      <seriesStmt>
        <title>NA</title>
        <editor>NA</editor>
        <biblScope unit="vol">NA</biblScope>
      </seriesStmt>
      <sourceDesc n="1">
        <msDesc>
          <msIdentifier>
            <msName>NA</msName>
            <altIdentifier>
              <repository>NA</repository>
              <collection>NA</collection>
              <idno>NA</idno>
            </altIdentifier>
          </msIdentifier>
          <history>
            <origin>
              <objectType>NA</objectType>
              <origDate notAfter-custom="NA" notBefore-custom="NA" precision="medium">NA</origDate>
              <origPlace>NA</origPlace>
              <title>NA</title>
              <locus/>
            </origin>
          </history>
        </msDesc>
        <recordHist>
          <source
            facs="http://reader.digitale-sammlungen.de/de/fs1/object/display/bsb10302507_00005.html">
            <ref
              target="http://reader.digitale-sammlungen.de/de/fs1/object/display/bsb10302507_00005.html"
              >Bayerische Staatsbibliothek</ref>
          </source>
        </recordHist>
      </sourceDesc>
    </fileDesc>
    <profileDesc>
      <langUsage>
        <language ident="de" style="Language">de</language>
        <language ident="de" style="LanguageArea">Berlinisch</language>
        <language ident="de" style="LanguageType">Neuhochdeutsch</language>
      </langUsage>
    </profileDesc>
    <encodingDesc>
      <schemaSpec ident="AnnotationKey">
        <elementSpec ident="Transcription">
          <valList>
            <valItem corresp="clean" ident="clean"/>
            <valItem corresp="dipl" ident="dipl"/>
            <valItem corresp="norm" ident="norm"/>
          </valList>
        </elementSpec>
        <elementSpec ident="Lexical">
          <valList>
            <valItem corresp="author_ref" ident="author_ref"/>
            <valItem corresp="lemma" ident="lemma"/>
            <valItem corresp="pos" ident="pos"/>
            <valItem corresp="name_type" ident="name_type"/>
            <valItem corresp="name" ident="name"/>
            <valItem corresp="lang" ident="lang"/>
          </valList>
        </elementSpec>
        <elementSpec ident="Graphical">
          <valList>
            <valItem corresp="quote" ident="quote"/>
            <valItem corresp="lb" ident="lb"/>
            <valItem corresp="ref" ident="ref"/>
            <valItem corresp="hi" ident="hi"/>
            <valItem corresp="pb_n" ident="pb_n"/>
            <valItem corresp="ref_target" ident="ref_target"/>
            <valItem corresp="note" ident="note"/>
            <valItem corresp="head" ident="head"/>
            <valItem corresp="script" ident="script"/>
            <valItem corresp="pb" ident="pb"/>
            <valItem corresp="ref_type" ident="ref_type"/>
            <valItem corresp="hi_rend" ident="hi_rend"/>
          </valList>
        </elementSpec>
        <elementSpec ident="Syntactic">
          <valList>
            <valItem corresp="KOUS_sem" ident="KOUS_sem"/>
            <valItem corresp="subclause_type" ident="subclause_type"/>
            <valItem corresp="ppk_e1" ident="ppk_e1"/>
            <valItem corresp="position_verb" ident="position_verb"/>
            <valItem corresp="attr_gen" ident="attr_gen"/>
          </valList>
        </elementSpec>
        <elementSpec ident="Morphological">
          <valList>
            <valItem corresp="comp" ident="comp"/>
            <valItem corresp="prot" ident="prot"/>
            <valItem corresp="comp_orth" ident="comp_orth"/>
          </valList>
        </elementSpec>
        <elementSpec ident="Meta">
          <valList>
            <valItem corresp="meta_author" ident="auhtor"/>
            <valItem corresp="meta_bibl" ident="bibl"/>
            <valItem corresp="meta_date" ident="date"/>
            <valItem corresp="meta_publisher" ident="publisher"/>
            <valItem corresp="meta_place" ident="place"/>
            <valItem corresp="meta_title" ident="title"/>
            <valItem corresp="meta_translator" ident="translator"/>
            <valItem corresp="meta_trans_from" ident="trans_from"/>
            <valItem corresp="meta_editor" ident="editor"/>
            <valItem corresp="meta_version" ident="version"/>
            <valItem corresp="meta_edition_first" ident="edition_first"/>
            <valItem corresp="meta_issue" ident="issue"/>
            <valItem corresp="meta_maintopic" ident="maintopic"/>
            <valItem corresp="meta_topic" ident="topic"/>
            <valItem corresp="meta_register" ident="register"/>
            <valItem corresp="meta_lingualism" ident="lingualism"/>
            <valItem corresp="meta_orig_date" ident="orig_date"/>
            <valItem corresp="meta_orig_place" ident="orig_place"/>
            <valItem corresp="meta_repository" ident="repository"/>
            <valItem corresp="meta_lang_type" ident="lang_type"/>
            <valItem corresp="meta_lang_area" ident="lang_area"/>
            <valItem corresp="meta_text_type" ident="text_type"/>
            <valItem corresp="meta_lyric_type" ident="lyric_type"/>
            <valItem corresp="meta_wormwood" ident="wormwood"/>
            <valItem corresp="meta_herb_sorting" ident="herb_sorting"/>
            <valItem corresp="meta_deprelGold" ident="deprelGold"/>
          </valList>
        </elementSpec>
      </schemaSpec>
    </encodingDesc>
    <revisionDesc>
      <change n="8.0" when="2018-01-21">The contents from NochEinigeWorte_1840_Meyen were separated
        into two different documents containing the preface and main text. Hence, this document was
        added to the corpus, but it does not contain additional tokens.</change>
    </revisionDesc>
  </teiHeader>
  <text/>
</TEI>
