<?xml version='1.0' encoding='utf-8'?><TEI xmlns="http://www.tei-c.org/ns/1.0"><teiHeader style="Herbology" type="DocumentHeader">
      <fileDesc xml:id="EigenschaftenAllerHeilpflanzen-149-165_1828_Anonymous">
        <titleStmt>
          <title>Die Eigenschaften aller Heilpflanzen (Wermut)</title>
          <author>
            <persName>
              <forename>NA</forename>
              <surname>Sauer</surname>
            </persName>
          </author>
          <editor>
            <persName>
              <forename>NA</forename>
              <surname>NA</surname>
            </persName>
          </editor>
                  <respStmt><resp>Metadata</resp><persName><forename>Laura</forename><surname>Perlitz</surname>             </persName><orgName>Humboldt-Universität zu Berlin</orgName><persName key="orcid" ref="https://orcid.org/0000-0003-4887-7701">     <forename>Carolin</forename>   <surname>Odebrecht</surname>             </persName>            <orgName>Humboldt-Universität zu Berlin</orgName>  </respStmt>  </titleStmt>
        <extent type="Tokens">5561</extent>
        <publicationStmt>
          <publisher>NA</publisher>
          <idno>NA</idno>
          <pubPlace>München</pubPlace>
          <date when="1828">1828</date>
          <biblScope>149-165</biblScope>
        </publicationStmt>
        <seriesStmt>
          <title>NA</title>
          <editor>NA</editor>
          <biblScope unit="vol">NA</biblScope>
        </seriesStmt>
        <sourceDesc n="1">
          <msDesc>
            <msIdentifier>
              <msName>NA</msName>
              <altIdentifier>
                <repository>NA</repository>
                <collection>NA</collection>
                <idno>NA</idno>
              </altIdentifier>
            </msIdentifier>
            <history>
              <origin>
                <objectType>NA</objectType>
                <origDate notAfter-custom="NA" notBefore-custom="NA" precision="medium">NA</origDate>
                <origPlace>NA</origPlace>
                <title>NA</title>
                <locus />
              </origin>
            </history>
          </msDesc>
          <recordHist>
            <source facs="http://reader.digitale-sammlungen.de/de/fs1/object/display/bsb10286413_00153.html">
              <ref target="http://reader.digitale-sammlungen.de/de/fs1/object/display/bsb10286413_00153.html">Bayerische Staatsbibliothek digital</ref>
            </source>
          </recordHist>
        </sourceDesc>
      </fileDesc>
      <profileDesc>
        <langUsage>
          <language ident="de" style="Language">de</language>
          <language ident="de" style="LanguageArea">Bayrisch</language>
          <language ident="de" style="LanguageType">Neuhochdeutsch</language>
        </langUsage>
      </profileDesc>
      <encodingDesc>
        <schemaSpec ident="AnnotationKey">
          <elementSpec ident="Transcription">
            <valList>
              <valItem corresp="clean" ident="clean" />
              <valItem corresp="dipl" ident="dipl" />
              <valItem corresp="norm" ident="norm" />
            </valList>
          </elementSpec>
          <elementSpec ident="Lexical">
            <valList>
              <valItem corresp="lemma" ident="lemma" />
              <valItem corresp="pos" ident="pos" />
              <valItem corresp="lang" ident="lang" />
              <valItem corresp="comment" ident="comment" />
            </valList>
          </elementSpec>
          <elementSpec ident="Graphical">
            <valList>
              <valItem corresp="pb_n" ident="pb_n" />
              <valItem corresp="quote" ident="quote" />
              <valItem corresp="script" ident="script" />
              <valItem corresp="hi_rend" ident="hi_rend" />
              <valItem corresp="pb" ident="pb" />
              <valItem corresp="head" ident="head" />
              <valItem corresp="lb" ident="lb" />
            </valList>
          </elementSpec>
          <elementSpec ident="Meta">
            <valList>
              <valItem corresp="meta_author" ident="auhtor" />
              <valItem corresp="meta_bibl" ident="bibl" />
              <valItem corresp="meta_date" ident="date" />
              <valItem corresp="meta_publisher" ident="publisher" />
              <valItem corresp="meta_place" ident="place" />
              <valItem corresp="meta_title" ident="title" />
              <valItem corresp="meta_translator" ident="translator" />
              <valItem corresp="meta_trans_from" ident="trans_from" />
              <valItem corresp="meta_editor" ident="editor" />
              <valItem corresp="meta_version" ident="version" />
              <valItem corresp="meta_edition_first" ident="edition_first" />
              <valItem corresp="meta_issue" ident="issue" />
              <valItem corresp="meta_maintopic" ident="maintopic" />
              <valItem corresp="meta_topic" ident="topic" />
              <valItem corresp="meta_register" ident="register" />
              <valItem corresp="meta_lingualism" ident="lingualism" />
              <valItem corresp="meta_orig_date" ident="orig_date" />
              <valItem corresp="meta_orig_place" ident="orig_place" />
              <valItem corresp="meta_repository" ident="repository" />
              <valItem corresp="meta_lang_type" ident="lang_type" />
              <valItem corresp="meta_lang_area" ident="lang_area" />
              <valItem corresp="meta_text_type" ident="text_type" />
              <valItem corresp="meta_lyric_type" ident="lyric_type" />
              <valItem corresp="meta_wormwood" ident="wormwood" />
              <valItem corresp="meta_herb_sorting" ident="herb_sorting" />
              <valItem corresp="meta_deprelGold" ident="deprelGold" />
            </valList>
          </elementSpec>
        </schemaSpec>
      </encodingDesc>
      <revisionDesc>
        <change n="6.0" type="CorpusExtension" when="2017-03-14" who="LAUDATIO">Additional texts
                were added to the corpus. Selective corrections of
                several annotation keys.</change>
        <change n="7.0" type="CorpusExtension" when="2017-09-21" who="LAUDATIO">Additional texts
                were added to the corpus. Additional annotation keys were added to the corpus.
                Selective corrections of several annotation keys.</change>
        <change n="8.0" when="2018-01-21">Additional texts
                were added to the corpus. Addition and correction of annotation keys.</change>
      </revisionDesc>
    </teiHeader>
    <text/></TEI>
