<?xml version='1.0' encoding='utf-8'?><TEI xmlns="http://www.tei-c.org/ns/1.0"><teiHeader style="Herbology" type="DocumentHeader">
      <fileDesc xml:id="GartDerGesundheit_1487_vonCuba">
        <titleStmt>
          <title>Gart der Gesundheit</title>
          <author>
            <persName key="gnd" ref="http://d-nb.info/gnd/100360483">
              <forename>Johannes</forename>
              <surname>von Cuba</surname>
            </persName>
          </author>
          <editor>
            <persName>
              <forename>NA</forename>
              <surname>NA</surname>
            </persName>
          </editor>
                  <respStmt><resp>Metadata</resp><persName><forename>Laura</forename><surname>Perlitz</surname>             </persName><orgName>Humboldt-Universität zu Berlin</orgName><persName key="orcid" ref="https://orcid.org/0000-0003-4887-7701">     <forename>Carolin</forename>   <surname>Odebrecht</surname>             </persName>            <orgName>Humboldt-Universität zu Berlin</orgName>  </respStmt>  </titleStmt>
        <extent type="Tokens">4700</extent>
        <publicationStmt>
          <publisher>NA</publisher>
          <idno>NA</idno>
          <pubPlace>Ulm</pubPlace>
          <date when="1487">1487</date>
          <biblScope>NA</biblScope>
        </publicationStmt>
        <seriesStmt>
          <title>NA</title>
          <editor>NA</editor>
          <biblScope unit="vol">NA</biblScope>
        </seriesStmt>
        <sourceDesc n="1">
          <msDesc>
            <msIdentifier>
              <msName>NA</msName>
              <altIdentifier>
                <repository>NA</repository>
                <collection>NA</collection>
                <idno>NA</idno>
              </altIdentifier>
            </msIdentifier>
            <history>
              <origin>
                <objectType>NA</objectType>
                <origDate notAfter-custom="NA" notBefore-custom="NA" precision="medium">NA</origDate>
                <origPlace>NA</origPlace>
                <title>NA</title>
                <locus />
              </origin>
            </history>
          </msDesc>
          <recordHist>
            <source facs="http://daten.digitale-sammlungen.de/bsb00048197/image_6">
              <ref target="http://daten.digitale-sammlungen.de/bsb00048197/image_6">Bayerische Staatsbibliothek digital</ref>
            </source>
          </recordHist>
        </sourceDesc>
      </fileDesc>
      <profileDesc>
        <langUsage>
          <language ident="de" style="Language">de</language>
          <language ident="de" style="LanguageArea">Schwäbisch</language>
          <language ident="de" style="LanguageType">Frühneuhochdeutsch</language>
        </langUsage>
      </profileDesc>
      <encodingDesc>
        <schemaSpec ident="AnnotationKey">
          <elementSpec ident="Transcription">
            <valList>
              <valItem corresp="clean" ident="clean" />
              <valItem corresp="dipl" ident="dipl" />
              <valItem corresp="norm" ident="norm" />
            </valList>
          </elementSpec>
          <elementSpec ident="Lexical">
            <valList>
              <valItem corresp="herbname_norm" ident="herbname_norm" />
              <valItem corresp="herbprep" ident="herbprep" />
              <valItem corresp="author_ref" ident="author_ref" />
              <valItem corresp="disease" ident="disease" />
              <valItem corresp="title" ident="title" />
              <valItem corresp="lemma" ident="lemma" />
              <valItem corresp="persname" ident="persname" />
              <valItem corresp="plant" ident="plant" />
              <valItem corresp="reader_ref" ident="reader_ref" />
              <valItem corresp="interpretation" ident="interpretation" />
              <valItem corresp="pos" ident="pos" />
              <valItem corresp="comment_lex" ident="comment_lex" />
              <valItem corresp="noun_nom" ident="noun_nom" />
              <valItem corresp="lang" ident="lang" />
              <valItem corresp="comment" ident="comment" />
              <valItem corresp="pos-deprel" ident="pos-deprel" />
              <valItem corresp="lemma-deprel" ident="lemma-deprel" />
              <valItem corresp="pos-const" ident="pos-const" />
            </valList>
          </elementSpec>
          <elementSpec ident="Graphical">
            <valList>
              <valItem corresp="lb" ident="lb" />
              <valItem corresp="atLeast" ident="atLeast" />
              <valItem corresp="unclear" ident="unclear" />
              <valItem corresp="figure" ident="figure" />
              <valItem corresp="atMost" ident="atMost" />
              <valItem corresp="head" ident="head" />
              <valItem corresp="script" ident="script" />
              <valItem corresp="pb" ident="pb" />
              <valItem corresp="hi_rend" ident="hi_rend" />
            </valList>
          </elementSpec>
          <elementSpec ident="Syntactic">
            <valList>
              <valItem corresp="ppk_e2" ident="ppk_e2" />
              <valItem corresp="ppk_e1" ident="ppk_e1" />
              <valItem corresp="position_verb" ident="position_verb" />
              <valItem corresp="clause_type" ident="clause_type" />
              <valItem corresp="position_referent" ident="position_referent" />
              <valItem corresp="mod_referent" ident="mod_referent" />
              <valItem corresp="sentence_end" ident="sentence_end" />
              <valItem corresp="KOUS_sem" ident="KOUS_sem" />
              <valItem corresp="position_verb_rel" ident="position_verb_rel" />
              <valItem corresp="position_rel" ident="position_rel" />
              <valItem corresp="subclause_type" ident="subclause_type" />
              <valItem corresp="attr_gen" ident="attr_gen" />
              <valItem corresp="deprel" ident="deprel" />
              <valItem corresp="phead" ident="phead" />
              <valItem corresp="pdeprel" ident="pdeprel" />
              <valItem corresp="LM_xml_id" ident="LM_xml_id" />
              <valItem corresp="LM_order" ident="id" />
              <valItem corresp="func" ident="func" />
              <valItem corresp="cat-const" ident="cat-const" />
              <valItem corresp="cat" ident="cat" />
            </valList>
          </elementSpec>
          <elementSpec ident="Other">
            <valList>
              <valItem corresp="problem" ident="problem" />
            </valList>
          </elementSpec>
          <elementSpec ident="Morphological">
            <valList>
              <valItem corresp="form_noun" ident="form_noun" />
              <valItem corresp="form_referent" ident="form_referent" />
              <valItem corresp="form_prep" ident="form_prep" />
              <valItem corresp="form_relpron" ident="form_relpron" />
              <valItem corresp="form_disease" ident="form_disease" />
              <valItem corresp="comp_n" ident="comp_n" />
              <valItem corresp="comp_n_graph" ident="comp_n_graph" />
              <valItem corresp="comp_a" ident="comp_a" />
              <valItem corresp="comp_a_graph" ident="comp_a_graph" />
              <valItem corresp="comp_lex" ident="comp_lex" />
              <valItem corresp="comp_n_mod" ident="comp_n_mod" />
              <valItem corresp="comp_amb" ident="comp_amb" />
              <valItem corresp="infl_fuge" ident="infl_fuge" />
              <valItem corresp="adja_uninfl" ident="adja_uninfl" />
              <valItem corresp="morph" ident="morph" />
            </valList>
          </elementSpec>
          <elementSpec ident="Meta">
            <valList>
              <valItem corresp="meta_author" ident="auhtor" />
              <valItem corresp="meta_bibl" ident="bibl" />
              <valItem corresp="meta_date" ident="date" />
              <valItem corresp="meta_publisher" ident="publisher" />
              <valItem corresp="meta_place" ident="place" />
              <valItem corresp="meta_title" ident="title" />
              <valItem corresp="meta_translator" ident="translator" />
              <valItem corresp="meta_trans_from" ident="trans_from" />
              <valItem corresp="meta_editor" ident="editor" />
              <valItem corresp="meta_version" ident="version" />
              <valItem corresp="meta_edition_first" ident="edition_first" />
              <valItem corresp="meta_issue" ident="issue" />
              <valItem corresp="meta_maintopic" ident="maintopic" />
              <valItem corresp="meta_topic" ident="topic" />
              <valItem corresp="meta_register" ident="register" />
              <valItem corresp="meta_lingualism" ident="lingualism" />
              <valItem corresp="meta_orig_date" ident="orig_date" />
              <valItem corresp="meta_orig_place" ident="orig_place" />
              <valItem corresp="meta_repository" ident="repository" />
              <valItem corresp="meta_lang_type" ident="lang_type" />
              <valItem corresp="meta_lang_area" ident="lang_area" />
              <valItem corresp="meta_text_type" ident="text_type" />
              <valItem corresp="meta_lyric_type" ident="lyric_type" />
              <valItem corresp="meta_wormwood" ident="wormwood" />
              <valItem corresp="meta_herb_sorting" ident="herb_sorting" />
              <valItem corresp="meta_deprelGold" ident="deprelGold" />
            </valList>
          </elementSpec>
        </schemaSpec>
      </encodingDesc>
      <revisionDesc>
        <change n="4.0" type="Extension" when="2014-04-01" who="LAUDATIO">Documents added,
                consistency check and unifying list of annotation keys.</change>
        <change n="4.1" type="Extension" when="2014-10-27" who="LAUDATIO">Annotation keys were
                added.</change>
        <change n="5.0" type="CorpusExtension" when="2016-06-07" who="LAUDATIO">Additional texts
                were added to the corpus. Conversion steps were changed. The corpus is now converted
                directly from EXCEL to PAULA and from EXCEL to ANNIS. Selective corrections of
                several annotation keys.</change>
        <change n="6.0" type="CorpusExtension" when="2017-03-14" who="LAUDATIO">Additional texts
                were added to the corpus. Selective corrections of
                several annotation keys.</change>
        <change n="7.0" type="CorpusExtension" when="2017-09-21" who="LAUDATIO">Additional texts
                were added to the corpus. Additional annotation keys were added to the corpus.
                Selective corrections of several annotation keys.</change>
        <change n="8.0" when="2018-01-21">Additional texts
                were added to the corpus. Addition and correction of annotation keys.</change>
      </revisionDesc>
    </teiHeader>
    <text/></TEI>
