<?xml version='1.0' encoding='utf-8'?>
<TEI xmlns="http://www.tei-c.org/ns/1.0"><teiHeader type="PreparationHeader">
        <fileDesc>
          <titleStmt>
            <title corresp="comment" type="AnnotationKey">comment</title>
            <editor n="1" role="CorpusEditor">
              <persName>
                <forename>Anke</forename>
                <surname>Lüdeling</surname>
              </persName>
              <affiliation>
                <orgName type="Department">Institut für deutsche Sprache und
                            Linguistik</orgName>
                <orgName type="Institution">Humboldt-Universität zu Berlin</orgName>
              </affiliation>
            </editor>
            <editor n="2" role="CorpusEditor">
          <persName key="orcid" ref="https://orcid.org/0000-0003-4887-7701">             <forename>Carolin</forename>
                <surname>Odebrecht</surname>
              </persName>
              <affiliation>
                <orgName type="Department">Institut für deutsche Sprache und
                            Linguistik</orgName>
                <orgName type="Institution">Humboldt-Universität zu Berlin</orgName>
              </affiliation>
            </editor>
            <editor n="3" role="CorpusEditor">
              <persName>
                <forename>Laura</forename>
                <surname>Perlitz</surname>
              </persName>
              <affiliation>
                <orgName type="Department">Institut für deutsche Sprache und
                            Linguistik</orgName>
                <orgName type="Institution">Humboldt-Universität zu Berlin</orgName>
              </affiliation>
            </editor>
            <editor n="4" role="CorpusEditor">
          <persName key="orcid" ref="https://orcid.org/0000-0001-8016-6753">      <forename>Amir</forename>
                <surname>Zeldes</surname>
              </persName>
              <affiliation>
                <orgName type="Department">Department of Linguistics</orgName>
                <orgName type="Institution">Georgetown University</orgName>
              </affiliation>
            </editor>
            <author n="1" role="Annotator">
              <persName>
                <forename>Valeska</forename>
                <surname>Beckert</surname>
              </persName>
              <affiliation>
                <orgName type="Department">Seminar für Deutsche Philologie</orgName>
                <orgName type="Institution">Georg-August-Universität Göttingen</orgName>
              </affiliation>
            </author>
            <author n="2" role="Annotator">
              <persName>
                <forename>Katrin</forename>
                <surname>Benning</surname>
              </persName>
              <affiliation>
                <orgName type="Department">Institut für deutsche Sprache und
                            Linguistik</orgName>
                <orgName type="Institution">Humboldt-Universität zu Berlin</orgName>
              </affiliation>
            </author>
            <author n="3" role="Annotator">
              <persName>
                <forename>Thomas</forename>
                <surname>Berg</surname>
              </persName>
              <affiliation>
                <orgName type="Department">Institut für deutsche Sprache und
                            Linguistik</orgName>
                <orgName type="Institution">Humboldt-Universität zu Berlin</orgName>
              </affiliation>
            </author>
            <author n="4" role="Annotator">
              <persName>
                <forename>Cornelia</forename>
                <surname>Binnyus</surname>
              </persName>
              <affiliation>
                <orgName type="Department">Institut für deutsche Sprache und
                            Linguistik</orgName>
                <orgName type="Institution">Humboldt-Universität zu Berlin</orgName>
              </affiliation>
            </author>
            <author n="5" role="Annotator">
              <persName>
                <forename>Simon</forename>
                <surname>Blum</surname>
              </persName>
              <affiliation>
                <orgName type="Department">Institut für deutsche Sprache und
                            Linguistik</orgName>
                <orgName type="Institution">Humboldt-Universität zu Berlin</orgName>
              </affiliation>
            </author>
            <author n="6" role="Annotator">
              <persName>
                <forename>Janin</forename>
                <surname>Czilwik</surname>
              </persName>
              <affiliation>
                <orgName type="Department">Institut für deutsche Sprache und
                            Linguistik</orgName>
                <orgName type="Institution">Humboldt-Universität zu Berlin</orgName>
              </affiliation>
            </author>
            <author n="6" role="Annotator">
              <persName>
                <forename>Christian</forename>
                <surname>Ebert</surname>
              </persName>
              <affiliation>
                <orgName type="Department">Institut für deutsche Sprache und
                            Linguistik</orgName>
                <orgName type="Institution">Humboldt-Universität zu Berlin</orgName>
              </affiliation>
            </author>
            <author n="8" role="Annotator">
              <persName>
                <forename>Stefanie</forename>
                <surname>Enneper</surname>
              </persName>
              <affiliation>
                <orgName type="Department">Institut für deutsche Sprache und
                            Linguistik</orgName>
                <orgName type="Institution">Humboldt-Universität zu Berlin</orgName>
              </affiliation>
            </author>
            <author n="9" role="Annotator">
              <persName>
                <forename>Catharina</forename>
                <surname>Fischer</surname>
              </persName>
              <affiliation>
                <orgName type="Department">Institut für deutsche Sprache und
                            Linguistik</orgName>
                <orgName type="Institution">Humboldt-Universität zu Berlin</orgName>
              </affiliation>
            </author>
            <author n="10" role="Annotator">
              <persName>
                <forename>Nico</forename>
                <surname>Friesenhan</surname>
              </persName>
              <affiliation>
                <orgName type="Department">Institut für deutsche Sprache und
                            Linguistik</orgName>
                <orgName type="Institution">Humboldt-Universität zu Berlin</orgName>
              </affiliation>
            </author>
            <author n="111" role="Annotator">
              <persName>
                <forename>Felix</forename>
                <surname>Gehrke</surname>
              </persName>
              <affiliation>
                <orgName type="Department">Institut für deutsche Sprache und
                            Linguistik</orgName>
                <orgName type="Institution">Humboldt-Universität zu Berlin</orgName>
              </affiliation>
            </author>
            <author n="12" role="Annotator">
              <persName>
                <forename>Rahel Gajaneh</forename>
                <surname>Hartz</surname>
              </persName>
              <affiliation>
                <orgName type="Department">Institut für deutsche Sprache und
                            Linguistik</orgName>
                <orgName type="Institution">Humboldt-Universität zu Berlin</orgName>
              </affiliation>
            </author>
            <author n="13" role="Annotator">
              <persName>
                <forename>Yelizaveta</forename>
                <surname>Hiebert</surname>
              </persName>
              <affiliation>
                <orgName type="Department">Institut für deutsche Sprache und
                            Linguistik</orgName>
                <orgName type="Institution">Humboldt-Universität zu Berlin</orgName>
              </affiliation>
            </author>
            <author n="14" role="Annotator">
              <persName>
                <forename>Bodil</forename>
                <surname>Jessen</surname>
              </persName>
              <affiliation>
                <orgName type="Department">Seminar für Deutsche Philologie</orgName>
                <orgName type="Institution">Georg-August-Universität Göttingen</orgName>
              </affiliation>
            </author>
            <author n="15" role="Annotator">
              <persName>
                <forename>Keqin</forename>
                <surname>Ji</surname>
              </persName>
              <affiliation>
                <orgName type="Department">Seminar für Deutsche Philologie</orgName>
                <orgName type="Institution">Georg-August-Universität Göttingen</orgName>
              </affiliation>
            </author>
            <author n="16" role="Annotator">
              <persName>
                <forename>Nikolaos</forename>
                <surname>Kartalis</surname>
              </persName>
              <affiliation>
                <orgName type="Department">Institut für deutsche Sprache und
                            Linguistik</orgName>
                <orgName type="Institution">Humboldt-Universität zu Berlin</orgName>
              </affiliation>
            </author>
            <author n="17" role="Annotator">
              <persName>
                <forename>Anna</forename>
                <surname>Konik</surname>
              </persName>
              <affiliation>
                <orgName type="Department">Institut für deutsche Sprache und
                            Linguistik</orgName>
                <orgName type="Institution">Humboldt-Universität zu Berlin</orgName>
              </affiliation>
            </author>
            <author n="18" role="Annotator">
              <persName>
                <forename>Eliese-Sophie</forename>
                <surname>Lincke</surname>
              </persName>
              <affiliation>
                <orgName type="Department">Institut für Archäologie</orgName>
                <orgName type="Institution">Humboldt-Universität zu Berlin</orgName>
              </affiliation>
            </author>
            <author n="19" role="Annotator">
              <persName>
                <forename>Anke</forename>
                <surname>Lüdeling</surname>
              </persName>
              <affiliation>
                <orgName type="Department">Institut für deutsche Sprache und
                            Linguistik</orgName>
                <orgName type="Institution">Humboldt-Universität zu Berlin</orgName>
              </affiliation>
            </author>
            <author n="20" role="Annotator">
              <persName>
                <forename>Tatjana</forename>
                <surname>Malon</surname>
              </persName>
              <affiliation>
                <orgName type="Department">Institut für deutsche Sprache und
                            Linguistik</orgName>
                <orgName type="Institution">Humboldt-Universität zu Berlin</orgName>
              </affiliation>
            </author>
            <author n="21" role="Annotator">
              <persName>
                <forename>Maria</forename>
                <surname>Martynova</surname>
              </persName>
              <affiliation>
                <orgName type="Department">Institut für deutsche Sprache und
                            Linguistik</orgName>
                <orgName type="Institution">Humboldt-Universität zu Berlin</orgName>
              </affiliation>
            </author>
            <author n="22" role="Annotator">
              <persName>
                <forename>Kim Kristin</forename>
                <surname>Maser</surname>
              </persName>
              <affiliation>
                <orgName type="Department">Institut für deutsche Sprache und
                            Linguistik</orgName>
                <orgName type="Institution">Humboldt-Universität zu Berlin</orgName>
              </affiliation>
            </author>
            <author n="23" role="Annotator">
              <persName>
                <forename>Laura</forename>
                <surname>McKee</surname>
              </persName>
              <affiliation>
                <orgName type="Department">Institut für deutsche Sprache und
                            Linguistik</orgName>
                <orgName type="Institution">Humboldt-Universität zu Berlin</orgName>
              </affiliation>
            </author>
            <author n="24" role="Annotator">
              <persName>
                <forename>Annika</forename>
                <surname>Mittelstädt</surname>
              </persName>
              <affiliation>
                <orgName type="Department">Seminar für Deutsche Philologie</orgName>
                <orgName type="Institution">Georg-August-Universität Göttingen</orgName>
              </affiliation>
            </author>
            <author n="25" role="Annotator">
              <persName>
                <forename>Lisa</forename>
                <surname>Mohs</surname>
              </persName>
              <affiliation>
                <orgName type="Department">Institut für deutsche Sprache und
                            Linguistik</orgName>
                <orgName type="Institution">Humboldt-Universität zu Berlin</orgName>
              </affiliation>
            </author>
            <author n="26" role="Annotator">
              <persName>
                <forename>Friederike</forename>
                <surname>Naumann</surname>
              </persName>
              <affiliation>
                <orgName type="Department">Institut für deutsche Sprache und
                            Linguistik</orgName>
                <orgName type="Institution">Humboldt-Universität zu Berlin</orgName>
              </affiliation>
            </author>
            <author n="27" role="Annotator">
          <persName key="orcid" ref="https://orcid.org/0000-0003-4887-7701">             <forename>Carolin</forename>
                <surname>Odebrecht</surname>
              </persName>
              <affiliation>
                <orgName type="Department">Institut für deutsche Sprache und
                            Linguistik</orgName>
                <orgName type="Institution">Humboldt-Universität zu Berlin</orgName>
              </affiliation>
            </author>
            <author n="28" role="Annotator">
              <persName>
                <forename>Mareike</forename>
                <surname>Otto</surname>
              </persName>
              <affiliation>
                <orgName type="Department">Institut für deutsche Sprache und
                            Linguistik</orgName>
                <orgName type="Institution">Humboldt-Universität zu Berlin</orgName>
              </affiliation>
            </author>
            <author n="29" role="Annotator">
              <persName>
                <forename>Maik</forename>
                <surname>Papenhagen</surname>
              </persName>
              <affiliation>
                <orgName type="Department">Institut für deutsche Sprache und
                            Linguistik</orgName>
                <orgName type="Institution">Humboldt-Universität zu Berlin</orgName>
              </affiliation>
            </author>
            <author n="30" role="Annotator">
              <persName>
                <forename>Angelo</forename>
                <surname>Papenhoff</surname>
              </persName>
              <affiliation>
                <orgName type="Department">Institut für deutsche Sprache und
                            Linguistik</orgName>
                <orgName type="Institution">Humboldt-Universität zu Berlin</orgName>
              </affiliation>
            </author>
            <author n="31" role="Annotator">
              <persName>
                <forename>Laura</forename>
                <surname>Perlitz</surname>
              </persName>
              <affiliation>
                <orgName type="Department">Institut für deutsche Sprache und
                            Linguistik</orgName>
                <orgName type="Institution">Humboldt-Universität zu Berlin</orgName>
              </affiliation>
            </author>
            <author n="32" role="Annotator">
              <persName>
                <forename>Viktoria</forename>
                <surname>Peselmann</surname>
              </persName>
              <affiliation>
                <orgName type="Department">Seminar für Deutsche Philologie</orgName>
                <orgName type="Institution">Georg-August-Universität Göttingen</orgName>
              </affiliation>
            </author>
            <author n="33" role="Annotator">
              <persName>
                <forename>Joachim</forename>
                <surname>Polte</surname>
              </persName>
              <affiliation>
                <orgName type="Department">Institut für deutsche Sprache und
                            Linguistik</orgName>
                <orgName type="Institution">Humboldt-Universität zu Berlin</orgName>
              </affiliation>
            </author>
            <author n="34" role="Annotator">
              <persName>
                <forename>Lisa</forename>
                <surname>Raunitschka</surname>
              </persName>
              <affiliation>
                <orgName type="Department">Institut für deutsche Sprache und
                            Linguistik</orgName>
                <orgName type="Institution">Humboldt-Universität zu Berlin</orgName>
              </affiliation>
            </author>
            <author n="35" role="Annotator">
              <persName>
                <forename>Gina</forename>
                <surname>Reetz</surname>
              </persName>
              <affiliation>
                <orgName type="Department">Institut für deutsche Sprache und
                            Linguistik</orgName>
                <orgName type="Institution">Humboldt-Universität zu Berlin</orgName>
              </affiliation>
            </author>
            <author n="36" role="Annotator">
              <persName>
                <forename>Valerie</forename>
                <surname>Reichardt</surname>
              </persName>
              <affiliation>
                <orgName type="Department">Institut für deutsche Sprache und
                            Linguistik</orgName>
                <orgName type="Institution">Humboldt-Universität zu Berlin</orgName>
              </affiliation>
            </author>
            <author n="37" role="Annotator">
              <persName>
                <forename>Romy</forename>
                <surname>Sachs</surname>
              </persName>
              <affiliation>
                <orgName type="Department">Institut für deutsche Sprache und
                            Linguistik</orgName>
                <orgName type="Institution">Humboldt-Universität zu Berlin</orgName>
              </affiliation>
            </author>
            <author n="38" role="Annotator">
              <persName>
                <forename>Jan Christian</forename>
                <surname>Schaffert</surname>
              </persName>
              <affiliation>
                <orgName type="Department">Seminar für Deutsche Philologie</orgName>
                <orgName type="Institution">Georg-August-Universität Göttingen</orgName>
              </affiliation>
            </author>
            <author n="39" role="Annotator">
              <persName>
                <forename>Athina</forename>
                <surname>Sioupi</surname>
              </persName>
              <affiliation>
                <orgName type="Department">Institut für deutsche Sprache und
                            Linguistik</orgName>
                <orgName type="Institution">Humboldt-Universität zu Berlin</orgName>
              </affiliation>
            </author>
            <author n="40" role="Annotator">
              <persName>
                <forename>Sarah</forename>
                <surname>Sippach</surname>
              </persName>
              <affiliation>
                <orgName type="Department">Institut für deutsche Sprache und
                            Linguistik</orgName>
                <orgName type="Institution">Humboldt-Universität zu Berlin</orgName>
              </affiliation>
            </author>
            <author n="41" role="Annotator">
              <persName>
                <forename>Andrea</forename>
                <surname>Skotovic</surname>
              </persName>
              <affiliation>
                <orgName type="Department">Institut für deutsche Sprache und
                            Linguistik</orgName>
                <orgName type="Institution">Humboldt-Universität zu Berlin</orgName>
              </affiliation>
            </author>
            <author n="42" role="Annotator">
              <persName>
                <forename>Lucia</forename>
                <surname>Sohmen</surname>
              </persName>
              <affiliation>
                <orgName type="Department">Institut für deutsche Sprache und
                            Linguistik</orgName>
                <orgName type="Institution">Humboldt-Universität zu Berlin</orgName>
              </affiliation>
            </author>
            <author n="43" role="Annotator">
              <persName>
                <forename>Madeleine</forename>
                <surname>Spitzer</surname>
              </persName>
              <affiliation>
                <orgName type="Department">Institut für deutsche Sprache und
                            Linguistik</orgName>
                <orgName type="Institution">Humboldt-Universität zu Berlin</orgName>
              </affiliation>
            </author>
            <author n="44" role="Annotator">
              <persName>
                <forename>Uwe</forename>
                <surname>Springmann</surname>
              </persName>
              <affiliation>
                <orgName type="Department">Centrum für Informations- und
                            Sprachverarbeitung</orgName>
                <orgName type="Institution">Ludwig-Maximilians-Universität München</orgName>
              </affiliation>
            </author>
            <author n="45" role="Annotator">
              <persName>
                <forename>Helen</forename>
                <surname>Stuke</surname>
              </persName>
              <affiliation>
                <orgName type="Department">Institut für deutsche Sprache und
                            Linguistik</orgName>
                <orgName type="Institution">Humboldt-Universität zu Berlin</orgName>
              </affiliation>
            </author>
            <author n="46" role="Annotator">
              <persName>
                <forename>Aleksandra</forename>
                <surname>Swiech</surname>
              </persName>
              <affiliation>
                <orgName type="Department">Institut für deutsche Sprache und
                            Linguistik</orgName>
                <orgName type="Institution">Humboldt-Universität zu Berlin</orgName>
              </affiliation>
            </author>
            <author n="47" role="Annotator">
              <persName>
                <forename>Phuong Thao</forename>
                <surname>Tran</surname>
              </persName>
              <affiliation>
                <orgName type="Department">Institut für deutsche Sprache und
                            Linguistik</orgName>
                <orgName type="Institution">Humboldt-Universität zu Berlin</orgName>
              </affiliation>
            </author>
            <author n="48" role="Annotator">
              <persName>
                <forename>Hanna</forename>
                <surname>Varachkina</surname>
              </persName>
              <affiliation>
                <orgName type="Department">Seminar für Deutsche Philologie</orgName>
                <orgName type="Institution">Georg-August-Universität Göttingen</orgName>
              </affiliation>
            </author>
            <author n="49" role="Annotator">
              <persName>
                <forename>Magdalena</forename>
                <surname>Vock</surname>
              </persName>
              <affiliation>
                <orgName type="Department">Institut für deutsche Sprache und
                            Linguistik</orgName>
                <orgName type="Institution">Humboldt-Universität zu Berlin</orgName>
              </affiliation>
            </author>
            <author n="50" role="Annotator">
              <persName>
                <forename>Mirjam</forename>
                <surname>Vogler</surname>
              </persName>
              <affiliation>
                <orgName type="Department">Institut für deutsche Sprache und
                            Linguistik</orgName>
                <orgName type="Institution">Humboldt-Universität zu Berlin</orgName>
              </affiliation>
            </author>
            <author n="51" role="Annotator">
              <persName>
                <forename>Monika</forename>
                <surname>Walak</surname>
              </persName>
              <affiliation>
                <orgName type="Department">Institut für deutsche Sprache und
                            Linguistik</orgName>
                <orgName type="Institution">Humboldt-Universität zu Berlin</orgName>
              </affiliation>
            </author>
            <author n="52" role="Annotator">
              <persName>
                <forename>Vita Rosalie</forename>
                <surname>Wijffels</surname>
              </persName>
              <affiliation>
                <orgName type="Department">Institut für deutsche Sprache und
                            Linguistik</orgName>
                <orgName type="Institution">Humboldt-Universität zu Berlin</orgName>
              </affiliation>
            </author>
            <author n="53" role="Annotator">
              <persName>
                <forename>Svenja</forename>
                <surname>Wolter</surname>
              </persName>
              <affiliation>
                <orgName type="Department">Institut für deutsche Sprache und
                            Linguistik</orgName>
                <orgName type="Institution">Humboldt-Universität zu Berlin</orgName>
              </affiliation>
            </author>
            <author n="54" role="Annotator">
              <persName>
                <forename>Isabell Ines</forename>
                <surname>Zander</surname>
              </persName>
              <affiliation>
                <orgName type="Department">Institut für deutsche Sprache und
                            Linguistik</orgName>
                <orgName type="Institution">Humboldt-Universität zu Berlin</orgName>
              </affiliation>
            </author>
            <author n="1" role="Infrastructure">
          <persName key="orcid" ref="https://orcid.org/0000-0003-4887-7701">             <forename>Carolin</forename>
                <surname>Odebrecht</surname>
              </persName>
              <affiliation>
                <orgName type="Department">Institut für deutsche Sprache und
                            Linguistik</orgName>
                <orgName type="Institution">Humboldt-Universität zu Berlin</orgName>
              </affiliation>
            </author>
            <author n="2" role="Infrastructure">
          <persName key="orcid" ref="https://orcid.org/0000-0003-3731-2422">  <forename>Thomas</forename> <surname>Krause</surname>
              </persName>
              <affiliation>
                <orgName type="Department">Institut für deutsche Sprache und
                            Linguistik</orgName>
                <orgName type="Institution">Humboldt-Universität zu Berlin</orgName>
              </affiliation>
            </author>
                            <respStmt>          <resp>Metadata</resp>           <persName>            <forename>Laura</forename>             <surname>Perlitz</surname>           </persName>           <orgName>Humboldt-Universität zu Berlin</orgName>           <persName key="orcid" ref="https://orcid.org/0000-0003-4887-7701">             <forename>Carolin</forename>             <surname>Odebrecht</surname>           </persName>           <orgName>Humboldt-Universität zu Berlin</orgName>     </respStmt></titleStmt>
          <extent type="Tokens">257537</extent>
                    <publicationStmt>             <authority/> <availability status="free"> <licence target="http://creativecommons.org/licenses/by/3.0/"/>               </availability>
            <date type="AnnotationRelease" when="2016-06-07">Licensed under a Creative Commons
                    Attribution 3.0 Unported License. Fifth corpus release. Annotation is released
                    in the 5.0 version.</date>
            <date type="AnnotationRelease" when="2017-03-14">Licensed under a Creative Commons
                    Attribution 3.0 Unported License. Sixth corpus release. Annotation is released
                    in the sixth version.</date>
            <date type="AnnotationRelease" when="2017-09-21">Licensed under a Creative Commons
                    Attribution 3.0 Unported License. Seventh corpus release. Annotation is released
                    in the seventh version.</date>
            <date type="AnnotationRelease" when="2018-03-29">Licensed under a Creative Commons
                    Attribution 3.0 Unported License. Eighth corpus release. Annotation is released
                    in the eighth version.</date>
          </publicationStmt>
          <sourceDesc>
            <p>
              <ref target=" https://hu.berlin/ridges-documentation-v8-en" type="CorpusHomepage" />
              Corpus Homepage (Documentation)
            </p>
          </sourceDesc>
        </fileDesc>
        <encodingDesc n="1" style="SpanAnnotation">
          <appInfo n="1" style="Manual">
            <application ident="EXCEL" style="xlsx" subtype="NA" type="Lexical" version="15.0.4823.1000">
              <label>MS EXCEL 2013.</label>
              <p>Span annotation with key "comment". Manually annotated by annotators. Consistency checks
                        and further changes such as changes in tokenization are applied in this
                        preparation step. For further information see
                         https://hu.berlin/ridges-documentation-v8-en.</p>
            </application>
          </appInfo>
          <editorialDecl>
            <segmentation corresp="dipl" style="Dependent">
              <p>Segmentation depends on "dipl".</p>
            </segmentation>
            <normalization method="None">
              <p>NA</p>
            </normalization>
            <correction method="manual" status="low">
              <p>Manually checked by annotators.</p>
            </correction>
            <p>NA</p>
          </editorialDecl>
          <projectDesc>
            <p>
              <ref target="http://korpling.org/ridges/" />
              The RIDGES project
                    (Register in Diachronic German Science) is an investigation into the development
                    of the German scientific language in the early modern and modern periods,
                    ranging from the mid 15th to the 20th century. The LAUDATIO project
                    (www.laudatio-repository.org) hosts and curates the RIDGES Herbology
                    corpus in cooperation with the LangBank project (sfs.uni-tuebingen.de/langbank).
            </p>
          </projectDesc>
        </encodingDesc>
        <encodingDesc n="2" style="Converting EXCEL to PAULA">
          <appInfo n="1" style="Automatic">
            <application ident="PAULA" style="xml" subtype="NA" type="Lexical" version="1.1">
              <label>Potsdamer AUstauschformat Linguistischer Annotationen PAULA.</label>
              <p>All formats (EXCEL 2013, CoNLL, PBT) were converted to PAULA altogether using
                        Pepper. The following importers were used: SpreadsheetImporter, PTBImporter,
                        CoNLLImporter. Merging with Merger Module. Export with PAULAExporter
                       https://korpling.german.hu-berlin.de/saltnpepper/pepper/download/snapshot/Pepper_2017.09.25-SNAPSHOT.zip
                        . For more information: https://github.com/langbank/conversion-pipeline</p>
            </application>
          </appInfo>
          <editorialDecl>
            <segmentation corresp="dipl" style="Dependent">
              <p>Segmentation depends on annotation key "dipl".</p>
            </segmentation>
            <normalization method="None">
              <p>NA</p>
            </normalization>
            <correction method="manual" status="low">
              <p>NA</p>
            </correction>
            <p>NA</p>
          </editorialDecl>
          <projectDesc>
            <p>
              <ref target="http://korpling.org/ridges/" />
              The RIDGES project
                    (Register in Diachronic German Science) is an investigation into the development
                    of the German scientific language in the early modern and modern periods,
                    ranging from the mid 15th to the 20th century. The LAUDATIO project
                    (www.laudatio-repository.org) hosts and curates the RIDGES Herbology
                    corpus in cooperation with the LangBank project (sfs.uni-tuebingen.de/langbank).
            </p>
          </projectDesc>
        </encodingDesc>
        <encodingDesc n="3" style="Converting EXCEL to ANNIS">
          <appInfo n="1" style="Automatic">
            <application ident="ANNIS" style="ANNIS" subtype="NA" type="Lexical" version="3.0">
              <label>Search and Visualization tool ANNIS.</label>
              <p>All formats (EXCEL 2013, CoNLL, PBT) were converted to ANNIS
                        altogether using Pepper. The following importers were used:
                        SpreadsheetImporter, PTBImporter, CoNLLImporter. Merging with Merger Module.
                        Export with ANNISExporter.
                       https://korpling.german.hu-berlin.de/saltnpepper/pepper/download/snapshot/Pepper_2017.09.25-SNAPSHOT.zip
                        . For more information: https://github.com/langbank/conversion-pipeline</p>
            </application>
          </appInfo>
          <editorialDecl>
            <segmentation corresp="dipl" style="Dependent">
              <p>Segmentation depends on annotation key "dipl".</p>
            </segmentation>
            <normalization method="None">
              <p>NA</p>
            </normalization>
            <correction method="manual" status="low">
              <p>NA</p>
            </correction>
            <p>NA</p>
          </editorialDecl>
          <projectDesc>
            <p>
              <ref target="http://korpling.org/ridges/" />
              The RIDGES project
                    (Register in Diachronic German Science) is an investigation into the development
                    of the German scientific language in the early modern and modern periods,
                    ranging from the mid 15th to the 20th century. The LAUDATIO project
                    (www.laudatio-repository.org) hosts and curates the RIDGES Herbology
                    corpus in cooperation with the LangBank project (sfs.uni-tuebingen.de/langbank).
            </p>
          </projectDesc>
        </encodingDesc>
        <revisionDesc>
          <change n="5.0" type="Creation" when="2016-06-07" who="NA">Annotation added to the
                corpus.</change>
          <change n="6.0" type="Annotation" when="2017-03-14" who="LAUDATIO">Annotation of
                new documents.</change>
          <change n="7.0" type="Annotation" when="2017-09-21" who="LAUDATIO">Annotation of the
                new documents.</change>
          <change n="8.0" type="Annotation" when="2018-03-29" who="LAUDATIO">Annotation of the new
                documents.</change>
        </revisionDesc>
      </teiHeader>
      <text/></TEI>
