<?xml version='1.0' encoding='utf-8'?>
<TEI xmlns="http://www.tei-c.org/ns/1.0"><teiHeader type="PreparationHeader">
        <fileDesc>
          <titleStmt>
            <title corresp="noun_nom" type="AnnotationKey">noun_nom</title>
            <editor n="1" role="CorpusEditor">
              <persName>
                <forename>Anke</forename>
                <surname>Lüdeling</surname>
              </persName>
              <affiliation>
                <orgName type="Department">Institut für deutsche Sprache und
                            Linguistik</orgName>
                <orgName type="Institution">Humboldt-Universität zu Berlin</orgName>
              </affiliation>
            </editor>
            <editor n="2" role="CorpusEditor">
          <persName key="orcid" ref="https://orcid.org/0000-0003-4887-7701">             <forename>Carolin</forename>
                <surname>Odebrecht</surname>
              </persName>
              <affiliation>
                <orgName type="Department">Institut für deutsche Sprache und
                            Linguistik</orgName>
                <orgName type="Institution">Humboldt-Universität zu Berlin</orgName>
              </affiliation>
            </editor>
            <editor n="3" role="CorpusEditor">
              <persName>
                <forename>Laura</forename>
                <surname>Perlitz</surname>
              </persName>
              <affiliation>
                <orgName type="Department">Institut für deutsche Sprache und
                            Linguistik</orgName>
                <orgName type="Institution">Humboldt-Universität zu Berlin</orgName>
              </affiliation>
            </editor>
            <editor n="4" role="CorpusEditor">
          <persName key="orcid" ref="https://orcid.org/0000-0001-8016-6753">      <forename>Amir</forename>
                <surname>Zeldes</surname>
              </persName>
              <affiliation>
                <orgName type="Department">Department of Linguistics</orgName>
                <orgName type="Institution">Georgetown University</orgName>
              </affiliation>
            </editor>
            <author n="1" role="Annotator">
              <persName>
                <forename>Anke</forename>
                <surname>Lüdeling</surname>
              </persName>
              <affiliation>
                <orgName type="Department">Institut für deutsche Sprache und
                            Linguistik</orgName>
                <orgName type="Institution">Humboldt-Universität zu Berlin</orgName>
              </affiliation>
            </author>
            <author n="2" role="Annotator">
              <persName>
                <forename>Uwe</forename>
                <surname>Springmann</surname>
              </persName>
              <affiliation>
                <orgName type="Department">Centrum für Informations- und
                            Sprachverarbeitung</orgName>
                <orgName type="Institution">Ludwig-Maximilians-Universität München</orgName>
              </affiliation>
            </author>
            <author n="1" role="Infrastructure">
          <persName key="orcid" ref="https://orcid.org/0000-0003-4887-7701">             <forename>Carolin</forename>
                <surname>Odebrecht</surname>
              </persName>
              <affiliation>
                <orgName type="Department">Institut für deutsche Sprache und
                            Linguistik</orgName>
                <orgName type="Institution">Humboldt-Universität zu Berlin</orgName>
              </affiliation>
            </author>
            <author n="2" role="Infrastructure">
          <persName key="orcid" ref="https://orcid.org/0000-0003-3731-2422">  <forename>Thomas</forename> <surname>Krause</surname>
              </persName>
              <affiliation>
                <orgName type="Department">Institut für deutsche Sprache und
                            Linguistik</orgName>
                <orgName type="Institution">Humboldt-Universität zu Berlin</orgName>
              </affiliation>
            </author>
                            <respStmt>          <resp>Metadata</resp>           <persName>            <forename>Laura</forename>             <surname>Perlitz</surname>           </persName>           <orgName>Humboldt-Universität zu Berlin</orgName>           <persName key="orcid" ref="https://orcid.org/0000-0003-4887-7701">             <forename>Carolin</forename>             <surname>Odebrecht</surname>           </persName>           <orgName>Humboldt-Universität zu Berlin</orgName>     </respStmt></titleStmt>
          <extent type="Tokens">257537</extent>
                    <publicationStmt>             <authority/> <availability status="free"> <licence target="http://creativecommons.org/licenses/by/3.0/"/>               </availability>
            <date type="AnnotationRelease" when="2016-06-07">Licensed under a Creative Commons
                    Attribution 3.0 Unported License. Fifth corpus release. Annotation is released
                    in the 5.0 version.</date>
            <date type="AnnotationRelease" when="2017-03-14">Licensed under a Creative Commons
                    Attribution 3.0 Unported License. Sixth corpus release. Annotation is released
                    in the sixth version.</date>
            <date type="AnnotationRelease" when="2017-09-21">Licensed under a Creative Commons
                    Attribution 3.0 Unported License. Seventh corpus release. Annotation is released
                    in the seventh version.</date>
            <date type="AnnotationRelease" when="2018-03-29">Licensed under a Creative Commons
                    Attribution 3.0 Unported License. Eighth corpus release. Annotation is released
                    in the eighth version.</date>
          </publicationStmt>
          <sourceDesc>
            <p>
              <ref target=" https://hu.berlin/ridges-documentation-v8-en" type="CorpusHomepage" />
              Corpus Homepage (Documentation)
            </p>
          </sourceDesc>
        </fileDesc>
        <encodingDesc n="1" style="SpanAnnotation">
          <appInfo n="1" style="Manual">
            <application ident="EXCEL" style="xlsx" subtype="NA" type="Lexical" version="15.0.4823.1000">
              <label>MS EXCEL 2013.</label>
              <p>Span annotation with key "noun_nom". Manually annotated by annotators.
                        Consistency checks and further changes such as changes in tokenization are
                        applied in this preparation step. For further information see
                         https://hu.berlin/ridges-documentation-v8-en.</p>
            </application>
          </appInfo>
          <editorialDecl>
            <segmentation corresp="dipl" style="Dependent">
              <p>Segmentation depends on "dipl".</p>
            </segmentation>
            <normalization method="None">
              <p>NA</p>
            </normalization>
            <correction method="manual" status="low">
              <p>Manually checked by annotators.</p>
            </correction>
            <p>NA</p>
          </editorialDecl>
          <projectDesc>
            <p>
              <ref target="http://korpling.org/ridges/" />
              The RIDGES project
                    (Register in Diachronic German Science) is an investigation into the development
                    of the German scientific language in the early modern and modern periods,
                    ranging from the mid 15th to the 20th century. The LAUDATIO project
                    (www.laudatio-repository.org) hosts and curates the RIDGES Herbology
                    corpus in cooperation with the LangBank project (sfs.uni-tuebingen.de/langbank).
            </p>
          </projectDesc>
        </encodingDesc>
        <encodingDesc n="2" style="Converting EXCEL to PAULA">
          <appInfo n="1" style="Automatic">
            <application ident="PAULA" style="xml" subtype="NA" type="Lexical" version="1.1">
              <label>Potsdamer AUstauschformat Linguistischer Annotationen PAULA.</label>
              <p>All formats (EXCEL 2013, CoNLL, PBT) were converted to PAULA altogether using
                        Pepper. The following importers were used: SpreadsheetImporter, PTBImporter,
                        CoNLLImporter. Merging with Merger Module. Export with PAULAExporter
                       https://korpling.german.hu-berlin.de/saltnpepper/pepper/download/snapshot/Pepper_2017.09.25-SNAPSHOT.zip
                        . For more information: https://github.com/langbank/conversion-pipeline</p>
            </application>
          </appInfo>
          <editorialDecl>
            <segmentation corresp="dipl" style="Dependent">
              <p>Segmentation depends on annotation key "dipl".</p>
            </segmentation>
            <normalization method="None">
              <p>NA</p>
            </normalization>
            <correction method="manual" status="low">
              <p>NA</p>
            </correction>
            <p>NA</p>
          </editorialDecl>
          <projectDesc>
            <p>
              <ref target="http://korpling.org/ridges/" />
              The RIDGES project
                    (Register in Diachronic German Science) is an investigation into the development
                    of the German scientific language in the early modern and modern periods,
                    ranging from the mid 15th to the 20th century. The LAUDATIO project
                    (www.laudatio-repository.org) hosts and curates the RIDGES Herbology
                    corpus in cooperation with the LangBank project (sfs.uni-tuebingen.de/langbank).
            </p>
          </projectDesc>
        </encodingDesc>
        <encodingDesc n="3" style="Converting EXCEL to ANNIS">
          <appInfo n="1" style="Automatic">
            <application ident="ANNIS" style="ANNIS" subtype="NA" type="Lexical" version="3.0">
              <label>Search and Visualization tool ANNIS.</label>
              <p>All formats (EXCEL 2013, CoNLL, PBT) were converted to ANNIS
                        altogether using Pepper. The following importers were used:
                        SpreadsheetImporter, PTBImporter, CoNLLImporter. Merging with Merger Module.
                        Export with ANNISExporter.
                       https://korpling.german.hu-berlin.de/saltnpepper/pepper/download/snapshot/Pepper_2017.09.25-SNAPSHOT.zip
                        . For more information: https://github.com/langbank/conversion-pipeline</p>
            </application>
          </appInfo>
          <editorialDecl>
            <segmentation corresp="dipl" style="Dependent">
              <p>Segmentation depends on annotation key "dipl".</p>
            </segmentation>
            <normalization method="None">
              <p>NA</p>
            </normalization>
            <correction method="manual" status="low">
              <p>NA</p>
            </correction>
            <p>NA</p>
          </editorialDecl>
          <projectDesc>
            <p>
              <ref target="http://korpling.org/ridges/" />
              The RIDGES project
                    (Register in Diachronic German Science) is an investigation into the development
                    of the German scientific language in the early modern and modern periods,
                    ranging from the mid 15th to the 20th century. The LAUDATIO project
                    (www.laudatio-repository.org) hosts and curates the RIDGES Herbology
                    corpus in cooperation with the LangBank project (sfs.uni-tuebingen.de/langbank).
            </p>
          </projectDesc>
        </encodingDesc>
        <revisionDesc>
          <change n="5.0" type="Creation" when="2016-06-07" who="NA">Annotation added to the
                corpus.</change>
          <change n="6.0" type="NameChange" when="2017-03-14" who="LAUDATIO">The annotation key
                has changed from "nomen_nominativ" to "noun_nom".</change>
          <change n="7.0" type="NoChange" when="2017-09-21" who="LAUDATIO">Nothing has changed
                regarding the annotation keys and values.</change>
          <change n="8.0" type="NoChange" when="2018-03-29" who="LAUDATIO">Nothing has changed
                regarding the annotation keys and values.</change>
        </revisionDesc>
      </teiHeader>
      <text/></TEI>
