<?xml version='1.0' encoding='utf-8'?>
<TEI xmlns="http://www.tei-c.org/ns/1.0">
  <teiHeader type="PreparationHeader">
    <fileDesc>
      <titleStmt>
        <title corresp="dipl" type="AnnotationKey">dipl</title>
        <editor n="1" role="CorpusEditor">
          <persName>
            <forename>Anke</forename>
            <surname>Lüdeling</surname>
          </persName>
          <affiliation>
            <orgName type="Department">Institut für deutsche Sprache und Linguistik</orgName>
            <orgName type="Institution">Humboldt-Universität zu Berlin</orgName>
          </affiliation>
        </editor>
        <editor n="2" role="CorpusEditor">
          <persName key="orcid" ref="https://orcid.org/0000-0003-4887-7701">
            <forename>Carolin</forename>
            <surname>Odebrecht</surname>
          </persName>
          <affiliation>
            <orgName type="Department">Institut für deutsche Sprache und Linguistik</orgName>
            <orgName type="Institution">Humboldt-Universität zu Berlin</orgName>
          </affiliation>
        </editor>
        <editor n="3" role="CorpusEditor">
          <persName>
            <forename>Laura</forename>
            <surname>Perlitz</surname>
          </persName>
          <affiliation>
            <orgName type="Department">Institut für deutsche Sprache und Linguistik</orgName>
            <orgName type="Institution">Humboldt-Universität zu Berlin</orgName>
          </affiliation>
        </editor>
        <editor n="4" role="CorpusEditor">
          <persName key="orcid" ref="https://orcid.org/0000-0001-8016-6753">
            <forename>Amir</forename>
            <surname>Zeldes</surname>
          </persName>
          <affiliation>
            <orgName type="Department">Department of Linguistics</orgName>
            <orgName type="Institution">Georgetown University</orgName>
          </affiliation>
        </editor>
        <author n="1" role="Annotator">
          <persName>
            <forename>Ilham</forename>
            <surname>Abed-Ali</surname>
          </persName>
          <affiliation>
            <orgName type="Department">Institut für deutsche Sprache und Linguistik</orgName>
            <orgName type="Institution">Humboldt-Universität zu Berlin</orgName>
          </affiliation>
        </author>
        <author n="2" role="Annotator">
          <persName>
            <forename>Silke</forename>
            <surname>Andresen</surname>
          </persName>
          <affiliation>
            <orgName type="Department">Institut für deutsche Sprache und Linguistik</orgName>
            <orgName type="Institution">Humboldt-Universität zu Berlin</orgName>
          </affiliation>
        </author>
        <author n="3" role="Annotator">
          <persName>
            <forename>Henriette</forename>
            <surname>Ast</surname>
          </persName>
          <affiliation>
            <orgName type="Department">Institut für deutsche Sprache und Linguistik</orgName>
            <orgName type="Institution">Humboldt-Universität zu Berlin</orgName>
          </affiliation>
        </author>
        <author n="4" role="Annotator">
          <persName>
            <forename>Valeska</forename>
            <surname>Beckert</surname>
          </persName>
          <affiliation>
            <orgName type="Department">Seminar für Deutsche Philologie</orgName>
            <orgName type="Institution">Georg-August-Universität Göttingen</orgName>
          </affiliation>
        </author>
        <author n="5" role="Annotator">
          <persName>
            <forename>Malte</forename>
            <surname>Belz</surname>
          </persName>
          <affiliation>
            <orgName type="Department">Institut für deutsche Sprache und Linguistik</orgName>
            <orgName type="Institution">Humboldt-Universität zu Berlin</orgName>
          </affiliation>
        </author>
        <author n="6" role="Annotator">
          <persName>
            <forename>Katrin</forename>
            <surname>Benning</surname>
          </persName>
          <affiliation>
            <orgName type="Department">Institut für deutsche Sprache und Linguistik</orgName>
            <orgName type="Institution">Humboldt-Universität zu Berlin</orgName>
          </affiliation>
        </author>
        <author n="7" role="Annotator">
          <persName>
            <forename>Thomas</forename>
            <surname>Berg</surname>
          </persName>
          <affiliation>
            <orgName type="Department">Institut für deutsche Sprache und Linguistik</orgName>
            <orgName type="Institution">Humboldt-Universität zu Berlin</orgName>
          </affiliation>
        </author>
        <author n="8" role="Annotator">
          <persName>
            <forename>Cornelia</forename>
            <surname>Binnyus</surname>
          </persName>
          <affiliation>
            <orgName type="Department">Institut für deutsche Sprache und Linguistik</orgName>
            <orgName type="Institution">Humboldt-Universität zu Berlin</orgName>
          </affiliation>
        </author>
        <author n="9" role="Annotator">
          <persName>
            <forename>Simon</forename>
            <surname>Blum</surname>
          </persName>
          <affiliation>
            <orgName type="Department">Institut für deutsche Sprache und Linguistik</orgName>
            <orgName type="Institution">Humboldt-Universität zu Berlin</orgName>
          </affiliation>
        </author>
        <author n="10" role="Annotator">
          <persName>
            <forename>Doreen</forename>
            <surname>Christen</surname>
          </persName>
          <affiliation>
            <orgName type="Department">Institut für deutsche Sprache und Linguistik</orgName>
            <orgName type="Institution">Humboldt-Universität zu Berlin</orgName>
          </affiliation>
        </author>
        <author n="11" role="Annotator">
          <persName>
            <forename>Janin</forename>
            <surname>Czilwik</surname>
          </persName>
          <affiliation>
            <orgName type="Department">Institut für deutsche Sprache und Linguistik</orgName>
            <orgName type="Institution">Humboldt-Universität zu Berlin</orgName>
          </affiliation>
        </author>
        <author n="12" role="Annotator">
          <persName>
            <forename>Mascha</forename>
            <surname>Dayal</surname>
          </persName>
          <affiliation>
            <orgName type="Department">Institut für deutsche Sprache und Linguistik</orgName>
            <orgName type="Institution">Humboldt-Universität zu Berlin</orgName>
          </affiliation>
        </author>
        <author n="13" role="Annotator">
          <persName>
            <forename>Antonia</forename>
            <surname>Dittberner</surname>
          </persName>
          <affiliation>
            <orgName type="Department">Institut für deutsche Sprache und Linguistik</orgName>
            <orgName type="Institution">Humboldt-Universität zu Berlin</orgName>
          </affiliation>
        </author>
        <author n="14" role="Annotator">
          <persName>
            <forename>Cora</forename>
            <surname>Döhn</surname>
          </persName>
          <affiliation>
            <orgName type="Department">Institut für deutsche Sprache und Linguistik</orgName>
            <orgName type="Institution">Humboldt-Universität zu Berlin</orgName>
          </affiliation>
        </author>
        <author n="15" role="Annotator">
          <persName>
            <forename>Imke</forename>
            <surname>Driemel</surname>
          </persName>
          <affiliation>
            <orgName type="Department">Institut für deutsche Sprache und Linguistik</orgName>
            <orgName type="Institution">Humboldt-Universität zu Berlin</orgName>
          </affiliation>
        </author>
        <author n="16" role="Annotator">
          <persName>
            <forename>Christian</forename>
            <surname>Ebert</surname>
          </persName>
          <affiliation>
            <orgName type="Department">Institut für deutsche Sprache und Linguistik</orgName>
            <orgName type="Institution">Humboldt-Universität zu Berlin</orgName>
          </affiliation>
        </author>
        <author n="17" role="Annotator">
          <persName>
            <forename>Olja</forename>
            <surname>Efremova</surname>
          </persName>
          <affiliation>
            <orgName type="Department">Institut für deutsche Sprache und Linguistik</orgName>
            <orgName type="Institution">Humboldt-Universität zu Berlin</orgName>
          </affiliation>
        </author>
        <author n="18" role="Annotator">
          <persName>
            <forename>Gill-Maria</forename>
            <surname>Eichhorn</surname>
          </persName>
          <affiliation>
            <orgName type="Department">Institut für deutsche Sprache und Linguistik</orgName>
            <orgName type="Institution">Humboldt-Universität zu Berlin</orgName>
          </affiliation>
        </author>
        <author n="19" role="Annotator">
          <persName>
            <forename>Stefanie</forename>
            <surname>Enneper</surname>
          </persName>
          <affiliation>
            <orgName type="Department">Institut für deutsche Sprache und Linguistik</orgName>
            <orgName type="Institution">Humboldt-Universität zu Berlin</orgName>
          </affiliation>
        </author>
        <author n="20" role="Annotator">
          <persName>
            <forename>Judith</forename>
            <surname>Esser</surname>
          </persName>
          <affiliation>
            <orgName type="Department">Institut für deutsche Sprache und Linguistik</orgName>
            <orgName type="Institution">Humboldt-Universität zu Berlin</orgName>
          </affiliation>
        </author>
        <author n="21" role="Annotator">
          <persName>
            <forename>Catharina</forename>
            <surname>Fischer</surname>
          </persName>
          <affiliation>
            <orgName type="Department">Institut für deutsche Sprache und Linguistik</orgName>
            <orgName type="Institution">Humboldt-Universität zu Berlin</orgName>
          </affiliation>
        </author>
        <author n="22" role="Annotator">
          <persName>
            <forename>Nico</forename>
            <surname>Friesenhan</surname>
          </persName>
          <affiliation>
            <orgName type="Department">Institut für deutsche Sprache und Linguistik</orgName>
            <orgName type="Institution">Humboldt-Universität zu Berlin</orgName>
          </affiliation>
        </author>
        <author n="23" role="Annotator">
          <persName>
            <forename>Felix</forename>
            <surname>Gehrke</surname>
          </persName>
          <affiliation>
            <orgName type="Department">Institut für deutsche Sprache und Linguistik</orgName>
            <orgName type="Institution">Humboldt-Universität zu Berlin</orgName>
          </affiliation>
        </author>
        <author n="24" role="Annotator">
          <persName>
            <forename>Annegret</forename>
            <surname>Gerlach</surname>
          </persName>
          <affiliation>
            <orgName type="Department">Institut für deutsche Sprache und Linguistik</orgName>
            <orgName type="Institution">Humboldt-Universität zu Berlin</orgName>
          </affiliation>
        </author>
        <author n="25" role="Annotator">
          <persName>
            <forename>Linda</forename>
            <surname>Giesel</surname>
          </persName>
          <affiliation>
            <orgName type="Department">Institut für deutsche Sprache und Linguistik</orgName>
            <orgName type="Institution">Humboldt-Universität zu Berlin</orgName>
          </affiliation>
        </author>
        <author n="26" role="Annotator">
          <persName>
            <forename>Rahel Gajaneh</forename>
            <surname>Hartz</surname>
          </persName>
          <affiliation>
            <orgName type="Department">Institut für deutsche Sprache und Linguistik</orgName>
            <orgName type="Institution">Humboldt-Universität zu Berlin</orgName>
          </affiliation>
        </author>
        <author n="27" role="Annotator">
          <persName>
            <forename>Yelizaveta</forename>
            <surname>Hiebert</surname>
          </persName>
          <affiliation>
            <orgName type="Department">Institut für deutsche Sprache und Linguistik</orgName>
            <orgName type="Institution">Humboldt-Universität zu Berlin</orgName>
          </affiliation>
        </author>
        <author n="28" role="Annotator">
          <persName>
            <forename>Bodil</forename>
            <surname>Jessen</surname>
          </persName>
          <affiliation>
            <orgName type="Department">Seminar für Deutsche Philologie</orgName>
            <orgName type="Institution">Georg-August-Universität Göttingen</orgName>
          </affiliation>
        </author>
        <author n="29" role="Annotator">
          <persName>
            <forename>Keqin</forename>
            <surname>Ji</surname>
          </persName>
          <affiliation>
            <orgName type="Department">Seminar für Deutsche Philologie</orgName>
            <orgName type="Institution">Georg-August-Universität Göttingen</orgName>
          </affiliation>
        </author>
        <author n="30" role="Annotator">
          <persName>
            <forename>Sebastian</forename>
            <surname>Kiraga</surname>
          </persName>
          <affiliation>
            <orgName type="Department">Institut für deutsche Sprache und Linguistik</orgName>
            <orgName type="Institution">Humboldt-Universität zu Berlin</orgName>
          </affiliation>
        </author>
        <author n="31" role="Annotator">
          <persName>
            <forename>Nikolaos</forename>
            <surname>Kartalis</surname>
          </persName>
          <affiliation>
            <orgName type="Department">Institut für deutsche Sprache und Linguistik</orgName>
            <orgName type="Institution">Humboldt-Universität zu Berlin</orgName>
          </affiliation>
        </author>
        <author n="32" role="Annotator">
          <persName>
            <forename>Ewa Anna</forename>
            <surname>Kolbik</surname>
          </persName>
          <affiliation>
            <orgName type="Department">Institut für deutsche Sprache und Linguistik</orgName>
            <orgName type="Institution">Humboldt-Universität zu Berlin</orgName>
          </affiliation>
        </author>
        <author n="33" role="Annotator">
          <persName>
            <forename>Anna</forename>
            <surname>Konik</surname>
          </persName>
          <affiliation>
            <orgName type="Department">Institut für deutsche Sprache und Linguistik</orgName>
            <orgName type="Institution">Humboldt-Universität zu Berlin</orgName>
          </affiliation>
        </author>
        <author n="34" role="Annotator">
          <persName>
            <forename>Kornél</forename>
            <surname>Kovàcs</surname>
          </persName>
          <affiliation>
            <orgName type="Department">Institut für deutsche Sprache und Linguistik</orgName>
            <orgName type="Institution">Humboldt-Universität zu Berlin</orgName>
          </affiliation>
        </author>
        <author n="35" role="Annotator">
          <persName>
            <forename>Daisy</forename>
            <surname>Krüger</surname>
          </persName>
          <affiliation>
            <orgName type="Department">Institut für deutsche Sprache und Linguistik</orgName>
            <orgName type="Institution">Humboldt-Universität zu Berlin</orgName>
          </affiliation>
        </author>
        <author n="36" role="Annotator">
          <persName>
            <forename>Anna-Maria</forename>
            <surname>Lehmann</surname>
          </persName>
          <affiliation>
            <orgName type="Department">Institut für deutsche Sprache und Linguistik</orgName>
            <orgName type="Institution">Humboldt-Universität zu Berlin</orgName>
          </affiliation>
        </author>
        <author n="37" role="Annotator">
          <persName>
            <forename>Eliese-Sophia</forename>
            <surname>Lincke</surname>
          </persName>
          <affiliation>
            <orgName type="Department">Institut für Archäologie</orgName>
            <orgName type="Institution">Humboldt-Universität zu Berlin</orgName>
          </affiliation>
        </author>
        <author n="38" role="Annotator">
          <persName>
            <forename>Maria</forename>
            <surname>Lober</surname>
          </persName>
          <affiliation>
            <orgName type="Department">Institut für deutsche Sprache und Linguistik</orgName>
            <orgName type="Institution">Humboldt-Universität zu Berlin</orgName>
          </affiliation>
        </author>
        <author n="39" role="Annotator">
          <persName>
            <forename>Anke</forename>
            <surname>Lüdeling</surname>
          </persName>
          <affiliation>
            <orgName type="Department">Institut für deutsche Sprache und Linguistik</orgName>
            <orgName type="Institution">Humboldt-Universität zu Berlin</orgName>
          </affiliation>
        </author>
        <author n="40" role="Annotator">
          <persName>
            <forename>Laura</forename>
            <surname>Lueders</surname>
          </persName>
          <affiliation>
            <orgName type="Department">Institut für deutsche Sprache und Linguistik</orgName>
            <orgName type="Institution">Humboldt-Universität zu Berlin</orgName>
          </affiliation>
        </author>
        <author n="41" role="Annotator">
          <persName>
            <forename>Samuele</forename>
            <surname>Maniscalco</surname>
          </persName>
          <affiliation>
            <orgName type="Department">Institut für deutsche Sprache und Linguistik</orgName>
            <orgName type="Institution">Humboldt-Universität zu Berlin</orgName>
          </affiliation>
        </author>
        <author n="42" role="Annotator">
          <persName>
            <forename>Tatjana</forename>
            <surname>Malon</surname>
          </persName>
          <affiliation>
            <orgName type="Department">Institut für deutsche Sprache und Linguistik</orgName>
            <orgName type="Institution">Humboldt-Universität zu Berlin</orgName>
          </affiliation>
        </author>
        <author n="43" role="Annotator">
          <persName>
            <forename>Maria</forename>
            <surname>Martynova</surname>
          </persName>
          <affiliation>
            <orgName type="Department">Institut für deutsche Sprache und Linguistik</orgName>
            <orgName type="Institution">Humboldt-Universität zu Berlin</orgName>
          </affiliation>
        </author>
        <author n="44" role="Annotator">
          <persName>
            <forename>Kim Kristin</forename>
            <surname>Maser</surname>
          </persName>
          <affiliation>
            <orgName type="Department">Institut für deutsche Sprache und Linguistik</orgName>
            <orgName type="Institution">Humboldt-Universität zu Berlin</orgName>
          </affiliation>
        </author>
        <author n="45" role="Annotator">
          <persName>
            <forename>Laura</forename>
            <surname>McKee</surname>
          </persName>
          <affiliation>
            <orgName type="Department">Institut für deutsche Sprache und Linguistik</orgName>
            <orgName type="Institution">Humboldt-Universität zu Berlin</orgName>
          </affiliation>
        </author>
        <author n="45" role="Annotator">
          <persName>
            <forename>Manuel</forename>
            <surname>Metzig</surname>
          </persName>
          <affiliation>
            <orgName type="Department">Institut für deutsche Sprache und Linguistik</orgName>
            <orgName type="Institution">Humboldt-Universität zu Berlin</orgName>
          </affiliation>
        </author>
        <author n="46" role="Annotator">
          <persName>
            <forename>Alexander</forename>
            <surname>Meyer</surname>
          </persName>
          <affiliation>
            <orgName type="Department">Institut für deutsche Sprache und Linguistik</orgName>
            <orgName type="Institution">Humboldt-Universität zu Berlin</orgName>
          </affiliation>
        </author>
        <author n="47" role="Annotator">
          <persName>
            <forename>Annika</forename>
            <surname>Mittelstädt</surname>
          </persName>
          <affiliation>
            <orgName type="Department">Seminar für Deutsche Philologie</orgName>
            <orgName type="Institution">Georg-August-Universität Göttingen</orgName>
          </affiliation>
        </author>
        <author n="48" role="Annotator">
          <persName>
            <forename>Lisa</forename>
            <surname>Mohs</surname>
          </persName>
          <affiliation>
            <orgName type="Department">Institut für deutsche Sprache und Linguistik</orgName>
            <orgName type="Institution">Humboldt-Universität zu Berlin</orgName>
          </affiliation>
        </author>
        <author n="49" role="Annotator">
          <persName>
            <forename>Sandra</forename>
            <surname>Müller</surname>
          </persName>
          <affiliation>
            <orgName type="Department">Institut für deutsche Sprache und Linguistik</orgName>
            <orgName type="Institution">Humboldt-Universität zu Berlin</orgName>
          </affiliation>
        </author>
        <author n="50" role="Annotator">
          <persName>
            <forename>Vizent</forename>
            <surname>Müller</surname>
          </persName>
          <affiliation>
            <orgName type="Department">Institut für deutsche Sprache und Linguistik</orgName>
            <orgName type="Institution">Humboldt-Universität zu Berlin</orgName>
          </affiliation>
        </author>
        <author n="51" role="Annotator">
          <persName>
            <forename>Andrew</forename>
            <surname>Murphy</surname>
          </persName>
          <affiliation>
            <orgName type="Department">Institut für deutsche Sprache und Linguistik</orgName>
            <orgName type="Institution">Humboldt-Universität zu Berlin</orgName>
          </affiliation>
        </author>
        <author n="52" role="Annotator">
          <persName>
            <forename>Johannes</forename>
            <surname>Mursell</surname>
          </persName>
          <affiliation>
            <orgName type="Department">Institut für deutsche Sprache und Linguistik</orgName>
            <orgName type="Institution">Humboldt-Universität zu Berlin</orgName>
          </affiliation>
        </author>
        <author n="53" role="Annotator">
          <persName>
            <forename>Friederike</forename>
            <surname>Naumann</surname>
          </persName>
          <affiliation>
            <orgName type="Department">Institut für deutsche Sprache und Linguistik</orgName>
            <orgName type="Institution">Humboldt-Universität zu Berlin</orgName>
          </affiliation>
        </author>
        <author n="54" role="Annotator">
          <persName key="orcid" ref="https://orcid.org/0000-0003-4887-7701">
            <forename>Carolin</forename>
            <surname>Odebrecht</surname>
          </persName>
          <affiliation>
            <orgName type="Department">Institut für deutsche Sprache und Linguistik</orgName>
            <orgName type="Institution">Humboldt-Universität zu Berlin</orgName>
          </affiliation>
        </author>
        <author n="55" role="Annotator">
          <persName>
            <forename>Akiko</forename>
            <surname>Okuda</surname>
          </persName>
          <affiliation>
            <orgName type="Department">Institut für deutsche Sprache und Linguistik</orgName>
            <orgName type="Institution">Humboldt-Universität zu Berlin</orgName>
          </affiliation>
        </author>
        <author n="56" role="Annotator">
          <persName>
            <forename>Mareike</forename>
            <surname>Otto</surname>
          </persName>
          <affiliation>
            <orgName type="Department">Institut für deutsche Sprache und Linguistik</orgName>
            <orgName type="Institution">Humboldt-Universität zu Berlin</orgName>
          </affiliation>
        </author>
        <author n="57" role="Annotator">
          <persName>
            <forename>Maik</forename>
            <surname>Papenhagen</surname>
          </persName>
          <affiliation>
            <orgName type="Department">Institut für deutsche Sprache und Linguistik</orgName>
            <orgName type="Institution">Humboldt-Universität zu Berlin</orgName>
          </affiliation>
        </author>
        <author n="58" role="Annotator">
          <persName>
            <forename>Angelo</forename>
            <surname>Papenhoff</surname>
          </persName>
          <affiliation>
            <orgName type="Department">Institut für deutsche Sprache und Linguistik</orgName>
            <orgName type="Institution">Humboldt-Universität zu Berlin</orgName>
          </affiliation>
        </author>
        <author n="59" role="Annotator">
          <persName>
            <forename>Laura</forename>
            <surname>Perlitz</surname>
          </persName>
          <affiliation>
            <orgName type="Department">Institut für deutsche Sprache und Linguistik</orgName>
            <orgName type="Institution">Humboldt-Universität zu Berlin</orgName>
          </affiliation>
        </author>
        <author n="60" role="Annotator">
          <persName>
            <forename>Viktoria</forename>
            <surname>Peselmann</surname>
          </persName>
          <affiliation>
            <orgName type="Department">Seminar für Deutsche Philologie</orgName>
            <orgName type="Institution">Georg-August-Universität Göttingen</orgName>
          </affiliation>
        </author>
        <author n="61" role="Annotator">
          <persName>
            <forename>Joachim</forename>
            <surname>Polte</surname>
          </persName>
          <affiliation>
            <orgName type="Department">Institut für deutsche Sprache und Linguistik</orgName>
            <orgName type="Institution">Humboldt-Universität zu Berlin</orgName>
          </affiliation>
        </author>
        <author n="62" role="Annotator">
          <persName>
            <forename>Lisa</forename>
            <surname>Raunitschka</surname>
          </persName>
          <affiliation>
            <orgName type="Department">Institut für deutsche Sprache und Linguistik</orgName>
            <orgName type="Institution">Humboldt-Universität zu Berlin</orgName>
          </affiliation>
        </author>
        <author n="63" role="Annotator">
          <persName>
            <forename>Gina</forename>
            <surname>Reetz</surname>
          </persName>
          <affiliation>
            <orgName type="Department">Institut für deutsche Sprache und Linguistik</orgName>
            <orgName type="Institution">Humboldt-Universität zu Berlin</orgName>
          </affiliation>
        </author>
        <author n="64" role="Annotator">
          <persName>
            <forename>Valerie</forename>
            <surname>Reichardt</surname>
          </persName>
          <affiliation>
            <orgName type="Department">Institut für deutsche Sprache und Linguistik</orgName>
            <orgName type="Institution">Humboldt-Universität zu Berlin</orgName>
          </affiliation>
        </author>
        <author n="65" role="Annotator">
          <persName>
            <forename>Katharina</forename>
            <surname>Reinig</surname>
          </persName>
          <affiliation>
            <orgName type="Department">Institut für deutsche Sprache und Linguistik</orgName>
            <orgName type="Institution">Humboldt-Universität zu Berlin</orgName>
          </affiliation>
        </author>
        <author n="66" role="Annotator">
          <persName>
            <forename>Ina</forename>
            <surname>Riesler</surname>
          </persName>
          <affiliation>
            <orgName type="Department">Institut für deutsche Sprache und Linguistik</orgName>
            <orgName type="Institution">Humboldt-Universität zu Berlin</orgName>
          </affiliation>
        </author>
        <author n="67" role="Annotator">
          <persName>
            <forename>Lena</forename>
            <surname>Rosin</surname>
          </persName>
          <affiliation>
            <orgName type="Department">Institut für deutsche Sprache und Linguistik</orgName>
            <orgName type="Institution">Humboldt-Universität zu Berlin</orgName>
          </affiliation>
        </author>
        <author n="68" role="Annotator">
          <persName>
            <forename>Romy</forename>
            <surname>Sachs</surname>
          </persName>
          <affiliation>
            <orgName type="Department">Institut für deutsche Sprache und Linguistik</orgName>
            <orgName type="Institution">Humboldt-Universität zu Berlin</orgName>
          </affiliation>
        </author>
        <author n="69" role="Annotator">
          <persName>
            <forename>Franz-Josef</forename>
            <surname>Sachse</surname>
          </persName>
          <affiliation>
            <orgName type="Department">Institut für deutsche Sprache und Linguistik</orgName>
            <orgName type="Institution">Humboldt-Universität zu Berlin</orgName>
          </affiliation>
        </author>
        <author n="70" role="Annotator">
          <persName>
            <forename>Anna</forename>
            <surname>Sapronova</surname>
          </persName>
          <affiliation>
            <orgName type="Department">Institut für deutsche Sprache und Linguistik</orgName>
            <orgName type="Institution">Humboldt-Universität zu Berlin</orgName>
          </affiliation>
        </author>
        <author n="71" role="Annotator">
          <persName>
            <forename>Simon</forename>
            <surname>Sauer</surname>
          </persName>
          <affiliation>
            <orgName type="Department">Institut für deutsche Sprache und Linguistik</orgName>
            <orgName type="Institution">Humboldt-Universität zu Berlin</orgName>
          </affiliation>
        </author>
        <author n="72" role="Annotator">
          <persName>
            <forename>Jan Christian</forename>
            <surname>Schaffert</surname>
          </persName>
          <affiliation>
            <orgName type="Department">Seminar für Deutsche Philologie</orgName>
            <orgName type="Institution">Georg-August-Universität Göttingen</orgName>
          </affiliation>
        </author>
        <author n="73" role="Annotator">
          <persName>
            <forename>Anna</forename>
            <surname>Schmahl</surname>
          </persName>
          <affiliation>
            <orgName type="Department">Institut für deutsche Sprache und Linguistik</orgName>
            <orgName type="Institution">Humboldt-Universität zu Berlin</orgName>
          </affiliation>
        </author>
        <author n="74" role="Annotator">
          <persName>
            <forename>Claudia</forename>
            <surname>Schmidt</surname>
          </persName>
          <affiliation>
            <orgName type="Department">Institut für deutsche Sprache und Linguistik</orgName>
            <orgName type="Institution">Humboldt-Universität zu Berlin</orgName>
          </affiliation>
        </author>
        <author n="75" role="Annotator">
          <persName>
            <forename>Athina</forename>
            <surname>Sioupi</surname>
          </persName>
          <affiliation>
            <orgName type="Department">Institut für deutsche Sprache und Linguistik</orgName>
            <orgName type="Institution">Humboldt-Universität zu Berlin</orgName>
          </affiliation>
        </author>
        <author n="76" role="Annotator">
          <persName>
            <forename>Sarah</forename>
            <surname>Sippach</surname>
          </persName>
          <affiliation>
            <orgName type="Department">Institut für deutsche Sprache und Linguistik</orgName>
            <orgName type="Institution">Humboldt-Universität zu Berlin</orgName>
          </affiliation>
        </author>
        <author n="78" role="Annotator">
          <persName>
            <forename>Andrea</forename>
            <surname>Skotovic</surname>
          </persName>
          <affiliation>
            <orgName type="Department">Institut für deutsche Sprache und Linguistik</orgName>
            <orgName type="Institution">Humboldt-Universität zu Berlin</orgName>
          </affiliation>
        </author>
        <author n="79" role="Annotator">
          <persName>
            <forename>Lucia</forename>
            <surname>Sohmen</surname>
          </persName>
          <affiliation>
            <orgName type="Department">Institut für deutsche Sprache und Linguistik</orgName>
            <orgName type="Institution">Humboldt-Universität zu Berlin</orgName>
          </affiliation>
        </author>
        <author n="80" role="Annotator">
          <persName>
            <forename>Irina</forename>
            <surname>Sorokovska</surname>
          </persName>
          <affiliation>
            <orgName type="Department">Institut für deutsche Sprache und Linguistik</orgName>
            <orgName type="Institution">Humboldt-Universität zu Berlin</orgName>
          </affiliation>
        </author>
        <author n="81" role="Annotator">
          <persName>
            <forename>Madeleine</forename>
            <surname>Spitzer</surname>
          </persName>
          <affiliation>
            <orgName type="Department">Institut für deutsche Sprache und Linguistik</orgName>
            <orgName type="Institution">Humboldt-Universität zu Berlin</orgName>
          </affiliation>
        </author>
        <author n="82" role="Annotator">
          <persName>
            <forename>Uwe</forename>
            <surname>Springmann</surname>
          </persName>
          <affiliation>
            <orgName type="Department">Centrum für Informations- und Sprachverarbeitung</orgName>
            <orgName type="Institution">Ludwig-Maximilians-Universität München</orgName>
          </affiliation>
        </author>
        <author n="83" role="Annotator">
          <persName>
            <forename>Kristina</forename>
            <surname>Stephan</surname>
          </persName>
          <affiliation>
            <orgName type="Department">Institut für deutsche Sprache und Linguistik</orgName>
            <orgName type="Institution">Humboldt-Universität zu Berlin</orgName>
          </affiliation>
        </author>
        <author n="84" role="Annotator">
          <persName>
            <forename>Helen</forename>
            <surname>Stuke</surname>
          </persName>
          <affiliation>
            <orgName type="Department">Institut für deutsche Sprache und Linguistik</orgName>
            <orgName type="Institution">Humboldt-Universität zu Berlin</orgName>
          </affiliation>
        </author>
        <author n="85" role="Annotator">
          <persName>
            <forename>Aleksandra</forename>
            <surname>Swiech</surname>
          </persName>
          <affiliation>
            <orgName type="Department">Institut für deutsche Sprache und Linguistik</orgName>
            <orgName type="Institution">Humboldt-Universität zu Berlin</orgName>
          </affiliation>
        </author>
        <author n="86" role="Annotator">
          <persName>
            <forename>Juliane</forename>
            <surname>Tiemann</surname>
          </persName>
          <affiliation>
            <orgName type="Department">Institut für deutsche Sprache und Linguistik</orgName>
            <orgName type="Institution">Humboldt-Universität zu Berlin</orgName>
          </affiliation>
        </author>
        <author n="87" role="Annotator">
          <persName>
            <forename>Anna</forename>
            <surname>Tóth</surname>
          </persName>
          <affiliation>
            <orgName type="Department">Institut für deutsche Sprache und Linguistik</orgName>
            <orgName type="Institution">Humboldt-Universität zu Berlin</orgName>
          </affiliation>
        </author>
        <author n="88" role="Annotator">
          <persName>
            <forename>Réka</forename>
            <surname>Tóth</surname>
          </persName>
          <affiliation>
            <orgName type="Department">Institut für deutsche Sprache und Linguistik</orgName>
            <orgName type="Institution">Humboldt-Universität zu Berlin</orgName>
          </affiliation>
        </author>
        <author n="89" role="Annotator">
          <persName>
            <forename>Phuong Thao</forename>
            <surname>Tran</surname>
          </persName>
          <affiliation>
            <orgName type="Department">Institut für deutsche Sprache und Linguistik</orgName>
            <orgName type="Institution">Humboldt-Universität zu Berlin</orgName>
          </affiliation>
        </author>
        <author n="90" role="Annotator">
          <persName>
            <forename>Alexander</forename>
            <surname>Turtureanu</surname>
          </persName>
          <affiliation>
            <orgName type="Department">Institut für deutsche Sprache und Linguistik</orgName>
            <orgName type="Institution">Humboldt-Universität zu Berlin</orgName>
          </affiliation>
        </author>
        <author n="91" role="Annotator">
          <persName>
            <forename>Hanna</forename>
            <surname>Varachkina</surname>
          </persName>
          <affiliation>
            <orgName type="Department">Seminar für Deutsche Philologie</orgName>
            <orgName type="Institution">Georg-August-Universität Göttingen</orgName>
          </affiliation>
        </author>
        <author n="92" role="Annotator">
          <persName>
            <forename>Magdalena</forename>
            <surname>Vock</surname>
          </persName>
          <affiliation>
            <orgName type="Department">Institut für deutsche Sprache und Linguistik</orgName>
            <orgName type="Institution">Humboldt-Universität zu Berlin</orgName>
          </affiliation>
        </author>
        <author n="93" role="Annotator">
          <persName>
            <forename>Mirjam</forename>
            <surname>Vogler</surname>
          </persName>
          <affiliation>
            <orgName type="Department">Institut für deutsche Sprache und Linguistik</orgName>
            <orgName type="Institution">Humboldt-Universität zu Berlin</orgName>
          </affiliation>
        </author>
        <author n="94" role="Annotator">
          <persName>
            <forename>Vivian</forename>
            <surname>Voigt</surname>
          </persName>
          <affiliation>
            <orgName type="Department">Institut für deutsche Sprache und Linguistik</orgName>
            <orgName type="Institution">Humboldt-Universität zu Berlin</orgName>
          </affiliation>
        </author>
        <author n="95" role="Annotator">
          <persName>
            <forename>Monika</forename>
            <surname>Walak</surname>
          </persName>
          <affiliation>
            <orgName type="Department">Institut für deutsche Sprache und Linguistik</orgName>
            <orgName type="Institution">Humboldt-Universität zu Berlin</orgName>
          </affiliation>
        </author>
        <author n="96" role="Annotator">
          <persName>
            <forename>Juliana</forename>
            <surname>Wekel</surname>
          </persName>
          <affiliation>
            <orgName type="Department">Institut für deutsche Sprache und Linguistik</orgName>
            <orgName type="Institution">Humboldt-Universität zu Berlin</orgName>
          </affiliation>
        </author>
        <author n="97" role="Annotator">
          <persName>
            <forename>Vita Rosalie</forename>
            <surname>Wijffels</surname>
          </persName>
          <affiliation>
            <orgName type="Department">Institut für deutsche Sprache und Linguistik</orgName>
            <orgName type="Institution">Humboldt-Universität zu Berlin</orgName>
          </affiliation>
        </author>
        <author n="98" role="Annotator">
          <persName>
            <forename>Svenja</forename>
            <surname>Wolter</surname>
          </persName>
          <affiliation>
            <orgName type="Department">Institut für deutsche Sprache und Linguistik</orgName>
            <orgName type="Institution">Humboldt-Universität zu Berlin</orgName>
          </affiliation>
        </author>
        <author n="99" role="Annotator">
          <persName>
            <forename>Isabell Ines</forename>
            <surname>Zander</surname>
          </persName>
          <affiliation>
            <orgName type="Department">Institut für deutsche Sprache und Linguistik</orgName>
            <orgName type="Institution">Humboldt-Universität zu Berlin</orgName>
          </affiliation>
        </author>
        <author n="100" role="Annotator">
          <persName>
            <forename>Karolina</forename>
            <surname>Zuchewicz</surname>
          </persName>
          <affiliation>
            <orgName type="Department">Institut für deutsche Sprache und Linguistik</orgName>
            <orgName type="Institution">Humboldt-Universität zu Berlin</orgName>
          </affiliation>
        </author>
        <author n="1" role="Infrastructure">
          <persName key="orcid" ref="https://orcid.org/0000-0003-4887-7701">
            <forename>Carolin</forename>
            <surname>Odebrecht</surname>
          </persName>
          <affiliation>
            <orgName type="Department">Institut für deutsche Sprache und Linguistik</orgName>
            <orgName type="Institution">Humboldt-Universität zu Berlin</orgName>
          </affiliation>
        </author>
        <author n="2" role="Infrastructure">
          <persName key="orcid" ref="https://orcid.org/0000-0003-3731-2422">
            <forename>Thomas</forename>
            <surname>Krause</surname>
          </persName>
          <affiliation>
            <orgName type="Department">Institut für deutsche Sprache und Linguistik</orgName>
            <orgName type="Institution">Humboldt-Universität zu Berlin</orgName>
          </affiliation>
        </author>
        <respStmt>
          <resp>Metadata</resp>
          <persName>
            <forename>Laura</forename>
            <surname>Perlitz</surname>
          </persName>
          <orgName>Humboldt-Universität zu Berlin</orgName>
          <persName key="orcid" ref="https://orcid.org/0000-0003-4887-7701">
            <forename>Carolin</forename>
            <surname>Odebrecht</surname>
          </persName>
          <orgName>Humboldt-Universität zu Berlin</orgName>
        </respStmt>
      </titleStmt>
      <extent type="Tokens">257537</extent>
      <publicationStmt>
        <authority/>
        <availability status="free">
          <licence target="http://creativecommons.org/licenses/by/3.0/"/>
        </availability>
        <date type="AnnotationRelease" when="2011">Licensed under a Creative Commons Attribution 3.0
          Unported License. Annotation is released with first corpus release RIDGES Herbology
          Version 1.0.</date>
        <date type="AnnotationRelease" when="2012-05-31">Licensed under a Creative Commons
          Attribution 3.0 Unported License. Second corpus release. Annotation is released and
          checked in the second version.</date>
        <date type="AnnotationRelease" when="2013-06-15">Licensed under a Creative Commons
          Attribution 3.0 Unported License. Third corpus release. Annotation is released and
          annotated in the third version.</date>
        <date type="AnnotationRelease" when="2014-04-01">Licensed under a Creative Commons
          Attribution 3.0 Unported License. Fourth corpus release. Annotation is released and
          annotated in the fourth version.</date>
        <date type="AnnotationRelease" when="2014-10-27">Licensed under a Creative Commons
          Attribution 3.0 Unported License. Annotation is released in the 4.1 version.</date>
        <date type="AnnotationRelease" when="2016-06-07">Licensed under a Creative Commons
          Attribution 3.0 Unported License. Fifth corpus release. Annotation is released in the
          fifth version.</date>
        <date type="AnnotationRelease" when="2017-03-14">Licensed under a Creative Commons
          Attribution 3.0 Unported License. Sixth corpus release. Annotation is released in the
          sixth version.</date>
        <date type="AnnotationRelease" when="2017-09-21">Licensed under a Creative Commons
          Attribution 3.0 Unported License. Seventh corpus release. Annotation is released in the
          seventh version.</date>
        <date type="AnnotationRelease" when="2018-03-29">Licensed under a Creative Commons
          Attribution 3.0 Unported License. Eighth corpus release. Annotation is released in the
          eighth version.</date>
      </publicationStmt>
      <sourceDesc>
        <p>
          <ref target=" https://hu.berlin/ridges-documentation-v8-en" type="CorpusHomepage"/> Corpus
          Homepage (Documentation) </p>
      </sourceDesc>
    </fileDesc>
    <encodingDesc n="1" style="Encoding A: OCR">
      <appInfo n="1" style="Automatic">
        <application ident="OCRopus" style="txt" subtype="NA" type="Transcription" version="1">
          <label>OCRopus</label>
          <p>The OCR recognition was achieved with models for the OCRopus OCR engine that were
            specifically trained on the titles of version 7. This preparation step applies for v7
            documents only. For further information see
            https://hu.berlin/ridges-documentation-v8-en?set_language=en .</p>
        </application>
      </appInfo>
      <editorialDecl>
        <segmentation corresp="NA" style="Independent">
          <p>Independent segmentation.</p>
        </segmentation>
        <normalization method="None">
          <p>NA</p>
        </normalization>
        <correction method="manual" status="low">
          <p>NA</p>
        </correction>
      </editorialDecl>
      <projectDesc>
        <p>
          <ref target="http://korpling.org/ridges/"/> The RIDGES project (Register in Diachronic
          German Science) is an investigation into the development of the German scientific language
          in the early modern and modern periods, ranging from the mid 15th to the 20th century. The
          LAUDATIO project (www.laudatio-repository.org) hosts and curates the RIDGES Herbology
          corpus in cooperation with the LangBank project (sfs.uni-tuebingen.de/langbank). </p>
      </projectDesc>
    </encodingDesc>
    <encodingDesc n="2" style="Encoding A: Mapping OCR-output in EXCEL format">
      <appInfo n="1" style="Semi-automatic">
        <application ident="EXCEL" style="xlsx" subtype="MarkUp" type="Transcription"
          version="15.0.4823.1000">
          <label>MS EXCEL 2013.</label>
          <p>Transfer of the OCR-recognized text from txt to EXCEL. This preparation step applies
            for v7 documents only. For further information see
            https://hu.berlin/ridges-documentation-v8-en?set_language=en</p>
        </application>
      </appInfo>
      <editorialDecl>
        <segmentation corresp="NA" style="Independent">
          <p>Independent segmentation.</p>
        </segmentation>
        <normalization method="None">
          <p>NA</p>
        </normalization>
        <correction method="manual" status="low">
          <p>Manually checked by LAUDATIO.</p>
        </correction>
        <p>NA</p>
      </editorialDecl>
      <projectDesc>
        <p>
          <ref target="http://korpling.org/ridges/"/> The RIDGES project (Register in Diachronic
          German Science) is an investigation into the development of the German scientific language
          in the early modern and modern periods, ranging from the mid 15th to the 20th century. The
          LAUDATIO project (www.laudatio-repository.org) hosts and curates the RIDGES Herbology
          corpus in cooperation with the LangBank project (sfs.uni-tuebingen.de/langbank). </p>
      </projectDesc>
    </encodingDesc>
    <encodingDesc n="3" style="Encoding A: Correction of OCR according to dipl-guidelines">
      <appInfo n="1" style="Manual">
        <application ident="EXCEL" style="xlsx" subtype="NA" type="Transcription"
          version="15.0.4823.1000">
          <label>EXCEL 2013</label>
          <p>Manual correction of the OCR-recogniced text according to the annotation guidelines for
            the "dipl" layer. This preparation step applies for v7 documents only. For further
            information see https://hu.berlin/ridges-documentation-v8-en?set_language=en .</p>
        </application>
      </appInfo>
      <editorialDecl>
        <segmentation corresp="NA" style="Independent">
          <p>Independent segmentation.</p>
        </segmentation>
        <normalization method="None">
          <p>Diplomatic transcription.</p>
        </normalization>
        <correction method="manual" status="low">
          <p>Manually checked by annotators and LAUDATIO.</p>
        </correction>
      </editorialDecl>
      <projectDesc>
        <p>
          <ref target="http://korpling.org/ridges/"/> The RIDGES project (Register in Diachronic
          German Science) is an investigation into the development of the German scientific language
          in the early modern and modern periods, ranging from the mid 15th to the 20th century. The
          LAUDATIO project (www.laudatio-repository.org) hosts and curates the RIDGES Herbology
          corpus in cooperation with the LangBank project (sfs.uni-tuebingen.de/langbank). </p>
      </projectDesc>
    </encodingDesc>
    <encodingDesc n="4" style="Encoding B: Transcription">
      <appInfo n="1" style="Manual">
        <application ident="TextEditor" style="txt" subtype="NA" type="Transcription" version="0.0">
          <label>Text Editor.</label>
          <p>Manual transcription in plain text of all documents of versions 1-6. For further
            information see https://hu.berlin/ridges-documentation-v8-en?set_language=en .</p>
        </application>
      </appInfo>
      <editorialDecl>
        <segmentation corresp="NA" style="Independent">
          <p>Independent segmentation.</p>
        </segmentation>
        <normalization method="None">
          <p>Diplomatic transcription.</p>
        </normalization>
        <correction method="manual" status="low">
          <p>Manually checked by annotators and LAUDATIO.</p>
        </correction>
      </editorialDecl>
      <projectDesc>
        <p>
          <ref target="http://korpling.org/ridges/"/> The RIDGES project (Register in Diachronic
          German Science) is an investigation into the development of the German scientific language
          in the early modern and modern periods, ranging from the mid 15th to the 20th century. The
          LAUDATIO project (www.laudatio-repository.org) hosts and curates the RIDGES Herbology
          corpus in cooperation with the LangBank project (sfs.uni-tuebingen.de/langbank). </p>
      </projectDesc>
    </encodingDesc>
    <encodingDesc n="5" style="Encoding B: Tokenization">
      <appInfo n="1" style="Automatic">
        <application ident="Treetagger" style="treetaggeroutput" subtype="NA" type="Transcription"
          version="3.2">
          <label>Treetagger</label>
          <p>Tokenization of the diplomatic transcription with treetagger (XML format of version 1.0
            and plain text of versions 3.0). This preparation step applies for all documents of
            version 1-6. For further information see
            https://hu.berlin/ridges-documentation-v8-en?set_language=en .</p>
        </application>
      </appInfo>
      <editorialDecl>
        <segmentation corresp="NA" style="Independent">
          <p>Independent segmentation.</p>
        </segmentation>
        <normalization method="None">
          <p>Diplomatic transcription.</p>
        </normalization>
        <correction method="manual" status="low">
          <p>Manually checked by annotators and LAUDATIO.</p>
        </correction>
      </editorialDecl>
      <projectDesc>
        <p>
          <ref target="http://korpling.org/ridges/"/> The RIDGES project (Register in Diachronic
          German Science) is an investigation into the development of the German scientific language
          in the early modern and modern periods, ranging from the mid 15th to the 20th century. The
          LAUDATIO project (www.laudatio-repository.org) hosts and curates the RIDGES Herbology
          corpus in cooperation with the LangBank project (sfs.uni-tuebingen.de/langbank). </p>
      </projectDesc>
    </encodingDesc>
    <encodingDesc n="3" style="Encoding B: Mapping tokenized treetaggeroutput in EXCEL format">
      <appInfo n="1" style="Manual">
        <application ident="EXCEL" style="xlsx" subtype="NA" type="Transcription"
          version="15.0.4823.1000">
          <label>MS EXCEL 2013.</label>
          <p>Tokenized transcripts were manually imported in EXCEL format. This preparation step
            applies for all documents of version 1-6. Consistency checks and further changes such as
            changes in tokenization are applied in this preparation step. For further information
            see https://hu.berlin/ridges-documentation-v8-en?set_language=en .</p>
        </application>
      </appInfo>
      <editorialDecl>
        <segmentation corresp="NA" style="Independent">
          <p>Independent segmentation.</p>
        </segmentation>
        <normalization method="None">
          <p>Diplomatic transcription.</p>
        </normalization>
        <correction method="manual" status="low">
          <p>Manually checked by annotators and korpling group.</p>
        </correction>
      </editorialDecl>
      <projectDesc>
        <p>
          <ref target="http://korpling.org/ridges/"/> The RIDGES project (Register in Diachronic
          German Science) is an investigation into the development of the German scientific language
          in the early modern and modern periods, ranging from the mid 15th to the 20th century. The
          LAUDATIO project (www.laudatio-repository.org) hosts and curates the RIDGES Herbology
          corpus in cooperation with the LangBank project (sfs.uni-tuebingen.de/langbank). </p>
      </projectDesc>
    </encodingDesc>
    <encodingDesc n="6" style="Converting EXCEL to PAULA">
      <appInfo n="1" style="Automatic">
        <application ident="PAULA" style="xml" subtype="NA" type="Transcription" version="1.1">
          <label>Potsdamer AUstauschformat Linguistischer Annotationen PAULA.</label>
          <p>All formats (EXCEL 2013, CoNLL, PBT) were converted to PAULA altogether using Pepper.
            The following importers were used: SpreadsheetImporter, PTBImporter, CoNLLImporter.
            Merging with Merger Module. Export with PAULAExporter
            https://korpling.german.hu-berlin.de/saltnpepper/pepper/download/snapshot/Pepper_2017.09.25-SNAPSHOT.zip
            . For more information: https://github.com/langbank/conversion-pipeline</p>
        </application>
      </appInfo>
      <editorialDecl>
        <segmentation corresp="NA" style="Independent">
          <p>Segmentation is independent.</p>
        </segmentation>
        <normalization method="None">
          <p>Diplomatic transcription.</p>
        </normalization>
        <correction method="manual" status="low">
          <p>NA</p>
        </correction>
        <p>NA</p>
      </editorialDecl>
      <projectDesc>
        <p>
          <ref target="http://korpling.org/ridges/"/> The RIDGES project (Register in Diachronic
          German Science) is an investigation into the development of the German scientific language
          in the early modern and modern periods, ranging from the mid 15th to the 20th century. The
          LAUDATIO project (www.laudatio-repository.org) hosts and curates the RIDGES Herbology
          corpus in cooperation with the LangBank project (sfs.uni-tuebingen.de/langbank). </p>
      </projectDesc>
    </encodingDesc>
    <encodingDesc n="7" style="Converting EXCEL 2013 to ANNIS">
      <appInfo n="1" style="Automatic">
        <application ident="ANNIS" style="ANNIS" subtype="MarkUp" type="Graphical" version="3.0">
          <label>Search and Visualization tool ANNIS.</label>
          <p>All formats (EXCEL 2013, CoNLL, PBT) were converted to ANNIS altogether using Pepper.
            The following importers were used: SpreadsheetImporter, PTBImporter, CoNLLImporter.
            Merging with Merger Module. Export with ANNISExporter.
            https://korpling.german.hu-berlin.de/saltnpepper/pepper/download/snapshot/Pepper_2017.09.25-SNAPSHOT.zip
            . For more information: https://github.com/langbank/conversion-pipeline</p>
        </application>
      </appInfo>
      <editorialDecl>
        <segmentation corresp="dipl" style="Dependent">
          <p>Segmentation depends on annotation key "dipl".</p>
        </segmentation>
        <normalization method="None">
          <p>NA</p>
        </normalization>
        <correction method="manual" status="low">
          <p>NA</p>
        </correction>
        <p>NA</p>
      </editorialDecl>
      <projectDesc>
        <p>
          <ref target="http://korpling.org/ridges/"/> The RIDGES project (Register in Diachronic
          German Science) is an investigation into the development of the German scientific language
          in the early modern and modern periods, ranging from the mid 15th to the 20th century. The
          LAUDATIO project (www.laudatio-repository.org) hosts and curates the RIDGES Herbology
          corpus in cooperation with the LangBank project (sfs.uni-tuebingen.de/langbank). </p>
      </projectDesc>
    </encodingDesc>
    <revisionDesc>
      <change n="1.0" type="Creation" when="2011" who="NA">Annotation.</change>
      <change n="2.0" type="QualityCheck" when="2012-05-31" who="LAUDATIO">Consistency check of
        annotation keys. Change of corpus architecture: Introduction of multiple
        segmentations.</change>
      <change n="3.0" type="Annotation" when="2013-05-15" who="NA">Annotation of the new documents
        and consistency checks.</change>
      <change n="4.0" type="Annotation" when="2014-04-01" who="LAUDATIO">Changes of annotation
        guidelines. Annotation of the new documents and and qualitiy and consistency check.</change>
      <change n="4.1" type="QualityCheck" when="2014-10-27" who="LAUDATIO">Few quality corrections.
        The corpus conversion process has changed. Conversion from EXCEL to PAULA to ANNIS.</change>
      <change n="5.0" type="Annotation" when="2016-06-07" who="LAUDATIO">Annotation of the new
        documents. The corpus conversion process has changed. Conversion from EXCEL 2013 to PAULA
        and from EXCEL 2013 to ANNIS.</change>
      <change n="6.0" type="Annotation" when="2017-03-14" who="LAUDATIO">Annotation of all
        documents. Nothing has changed regarding the annotation keys and values.</change>
      <change n="7.0" type="Annotation" when="2017-09-21" who="LAUDATIO">Annotation of the new
        documents.</change>
      <change n="8.0" type="Annotation" when="2018-03-29" who="LAUDATIO">Annotation of the new
        documents.</change>
    </revisionDesc>
  </teiHeader>
  <text/>
</TEI>
