<?xml version='1.0' encoding='utf-8'?>
<TEI xmlns="http://www.tei-c.org/ns/1.0">
  <teiHeader type="PreparationHeader">
    <fileDesc>
      <titleStmt>
        <title corresp="pos" type="AnnotationKey">pos</title>
        <editor n="1" role="CorpusEditor">
          <persName>
            <forename>Anke</forename>
            <surname>Lüdeling</surname>
          </persName>
          <affiliation>
            <orgName type="Department">Institut für deutsche Sprache und Linguistik</orgName>
            <orgName type="Institution">Humboldt-Universität zu Berlin</orgName>
          </affiliation>
        </editor>
        <editor n="2" role="CorpusEditor">
          <persName key="orcid" ref="https://orcid.org/0000-0003-4887-7701">
            <forename>Carolin</forename>
            <surname>Odebrecht</surname>
          </persName>
          <affiliation>
            <orgName type="Department">Institut für deutsche Sprache und Linguistik</orgName>
            <orgName type="Institution">Humboldt-Universität zu Berlin</orgName>
          </affiliation>
        </editor>
        <editor n="3" role="CorpusEditor">
          <persName>
            <forename>Laura</forename>
            <surname>Perlitz</surname>
          </persName>
          <affiliation>
            <orgName type="Department">Institut für deutsche Sprache und Linguistik</orgName>
            <orgName type="Institution">Humboldt-Universität zu Berlin</orgName>
          </affiliation>
        </editor>
        <editor n="4" role="CorpusEditor">
          <persName key="orcid" ref="https://orcid.org/0000-0001-8016-6753">
            <forename>Amir</forename>
            <surname>Zeldes</surname>
          </persName>
          <affiliation>
            <orgName type="Department">Department of Linguistics</orgName>
            <orgName type="Institution">Georgetown University</orgName>
          </affiliation>
        </editor>
        <author n="1" role="Annotator">
          <persName>
            <forename>Malte</forename>
            <surname>Belz</surname>
          </persName>
          <affiliation>
            <orgName type="Department">Institut für deutsche Sprache und Linguistik</orgName>
            <orgName type="Institution">Humboldt-Universität zu Berlin</orgName>
          </affiliation>
        </author>
        <author n="2" role="Annotator">
          <persName key="orcid" ref="https://orcid.org/0000-0003-4887-7701">
            <forename>Carolin</forename>
            <surname>Odebrecht</surname>
          </persName>
          <affiliation>
            <orgName type="Department">Institut für deutsche Sprache und Linguistik</orgName>
            <orgName type="Institution">Humboldt-Universität zu Berlin</orgName>
          </affiliation>
        </author>
        <author n="3" role="Annotator">
          <persName>
            <forename>Laura</forename>
            <surname>Perlitz</surname>
          </persName>
          <affiliation>
            <orgName type="Department">Institut für deutsche Sprache und Linguistik</orgName>
            <orgName type="Institution">Humboldt-Universität zu Berlin</orgName>
          </affiliation>
        </author>
        <author n="4" role="Annotator">
          <persName>
            <forename>Vivian</forename>
            <surname>Voigt</surname>
          </persName>
          <affiliation>
            <orgName type="Department">Institut für deutsche Sprache und Linguistik</orgName>
            <orgName type="Institution">Humboldt-Universität zu Berlin</orgName>
          </affiliation>
        </author>
        <author n="1" role="Infrastructure">
          <persName key="orcid" ref="https://orcid.org/0000-0003-4887-7701">
            <forename>Carolin</forename>
            <surname>Odebrecht</surname>
          </persName>
          <affiliation>
            <orgName type="Department">Institut für deutsche Sprache und Linguistik</orgName>
            <orgName type="Institution">Humboldt-Universität zu Berlin</orgName>
          </affiliation>
        </author>
        <author n="2" role="Infrastructure">
          <persName key="orcid" ref="https://orcid.org/0000-0003-3731-2422">
            <forename>Thomas</forename>
            <surname>Krause</surname>
          </persName>
          <affiliation>
            <orgName type="Department">Institut für deutsche Sprache und Linguistik</orgName>
            <orgName type="Institution">Humboldt-Universität zu Berlin</orgName>
          </affiliation>
        </author>
        <respStmt>
          <resp>Metadata</resp>
          <persName>
            <forename>Laura</forename>
            <surname>Perlitz</surname>
          </persName>
          <orgName>Humboldt-Universität zu Berlin</orgName>
          <persName key="orcid" ref="https://orcid.org/0000-0003-4887-7701">
            <forename>Carolin</forename>
            <surname>Odebrecht</surname>
          </persName>
          <orgName>Humboldt-Universität zu Berlin</orgName>
        </respStmt>
      </titleStmt>
      <extent type="Tokens">249033</extent>
      <publicationStmt>
        <authority/>
        <availability status="free">
          <licence target="http://creativecommons.org/licenses/by/3.0/"/>
        </availability>
        <date type="AnnotationRelease" when="2011">Licensed under a Creative Commons Attribution 3.0
          Unported License. Annotation is released with first corpus release RIDGES Herbology
          Version 1.0.</date>
        <date type="AnnotationRelease" when="2012-05-31">Licensed under a Creative Commons
          Attribution 3.0 Unported License. Second corpus release. Annotation is released and
          annotated in the second version.</date>
        <date type="AnnotationRelease" when="2013-06-15">Licensed under a Creative Commons
          Attribution 3.0 Unported License. Third corpus release. Annotation is released and
          annotated in the third version.</date>
        <date type="AnnotationRelease" when="2013-06-15">Licensed under a Creative Commons
          Attribution 3.0 Unported License. Third corpus release. Annotation is released and
          annotated in the third version.</date>
        <date type="AnnotationRelease" when="2014-10-27">Licensed under a Creative Commons
          Attribution 3.0 Unported License. Annotation is released in the 4.1 version.</date>
        <date type="AnnotationRelease" when="2016-06-07">Licensed under a Creative Commons
          Attribution 3.0 Unported License. Fifth corpus release. Annotation is released in the
          fifth version.</date>
        <date type="AnnotationRelease" when="2017-03-14">Licensed under a Creative Commons
          Attribution 3.0 Unported License. Sixth corpus release. Annotation is released in the
          sixth version.</date>
        <date type="AnnotationRelease" when="2017-09-21">Licensed under a Creative Commons
          Attribution 3.0 Unported License. Seventh corpus release. Annotation is released in the
          seventh version.</date>
        <date type="AnnotationRelease" when="2018-03-29">Licensed under a Creative Commons
          Attribution 3.0 Unported License. Eighth corpus release. Annotation is released in the
          eighth version.</date>
      </publicationStmt>
      <sourceDesc>
        <p>
          <ref target=" https://hu.berlin/ridges-documentation-v8-en" type="CorpusHomepage"/> Corpus
          Homepage (Documentation) </p>
      </sourceDesc>
    </fileDesc>
    <encodingDesc n="1" style="SpanAnnotation">
      <appInfo n="1" style="Automatic">
        <application ident="treetagger" style="treetaggeroutput" subtype="PartofSpeech"
          type="Lexical" version="3.2">
          <label>Treetagger.</label>
          <p>Part-of-Speech-Tagging of the normalized transcription. Annotation is applied on the
            annotation key "norm".</p>
        </application>
      </appInfo>
      <editorialDecl>
        <normalization method="None">
          <p>NA</p>
        </normalization>
        <segmentation corresp="norm" style="Dependent">
          <p>Segmentation is dependet on the annotation key "norm".</p>
        </segmentation>
        <correction method="manual" status="low">
          <p>NA</p>
        </correction>
      </editorialDecl>
      <projectDesc>
        <p>
          <ref target="http://korpling.org/ridges/"/> The RIDGES project (Register in Diachronic
          German Science) is an investigation into the development of the German scientific language
          in the early modern and modern periods, ranging from the mid 15th to the 20th century. The
          LAUDATIO project (www.laudatio-repository.org) hosts and curates the RIDGES Herbology
          corpus in cooperation with the LangBank project (sfs.uni-tuebingen.de/langbank). </p>
      </projectDesc>
    </encodingDesc>
    <encodingDesc n="3" style="MergingAnnotation">
      <appInfo n="1" style="Manual">
        <application ident="EXCEL" style="xlsx" subtype="PartofSpeech" type="Lexical"
          version="15.0.4823.1000">
          <label>MS EXCEL 2013.</label>
          <p>Annotation key "pos". Merging the annotation in EXCEL with the treetaggeroutput.
            Consistency checks and further changes such as changes in tokenization are applied in
            this preparation step. For further information see
            https://hu.berlin/ridges-documentation-v8-en.</p>
        </application>
      </appInfo>
      <editorialDecl>
        <normalization method="None">
          <p>NA</p>
        </normalization>
        <segmentation corresp="norm" style="Dependent">
          <p>Segmentation is dependet on the annotation key "norm".</p>
        </segmentation>
        <correction method="manual" status="low">
          <p>NA</p>
        </correction>
      </editorialDecl>
      <projectDesc>
        <p>
          <ref target="http://korpling.org/ridges/"/> The RIDGES project (Register in Diachronic
          German Science) is an investigation into the development of the German scientific language
          in the early modern and modern periods, ranging from the mid 15th to the 20th century. The
          LAUDATIO project (www.laudatio-repository.org) hosts and curates the RIDGES Herbology
          corpus in cooperation with the LangBank project (sfs.uni-tuebingen.de/langbank). </p>
      </projectDesc>
    </encodingDesc>
    <encodingDesc n="4" style="Converting EXCEL to PAULA">
      <appInfo n="1" style="Automatic">
        <application ident="PAULA" style="xml" subtype="PartofSpeech" type="Lexical" version="1.1">
          <label>Potsdamer AUstauschformat Linguistischer Annotationen PAULA.</label>
          <p>All formats (EXCEL 2013, CoNLL, PBT) were converted to PAULA altogether using Pepper.
            The following importers were used: SpreadsheetImporter, PTBImporter, CoNLLImporter.
            Merging with Merger Module. Export with PAULAExporter
            https://korpling.german.hu-berlin.de/saltnpepper/pepper/download/snapshot/Pepper_2017.09.25-SNAPSHOT.zip
            . For more information: https://github.com/langbank/conversion-pipeline</p>
        </application>
      </appInfo>
      <editorialDecl>
        <segmentation corresp="norm" style="Dependent">
          <p>Annotation is dependent on annotation key "norm".</p>
        </segmentation>
        <normalization method="None">
          <p>NA</p>
        </normalization>
        <correction method="manual" status="low">
          <p>NA</p>
        </correction>
        <p>NA</p>
      </editorialDecl>
      <projectDesc>
        <p>
          <ref target="http://korpling.org/ridges/"/> The RIDGES project (Register in Diachronic
          German Science) is an investigation into the development of the German scientific language
          in the early modern and modern periods, ranging from the mid 15th to the 20th century. The
          LAUDATIO project (www.laudatio-repository.org) hosts and curates the RIDGES Herbology
          corpus in cooperation with the LangBank project (sfs.uni-tuebingen.de/langbank). </p>
      </projectDesc>
    </encodingDesc>
    <encodingDesc n="5" style="Converting EXCEL to ANNIS">
      <appInfo n="1" style="Automatic">
        <application ident="ANNIS" style="ANNIS" subtype="PartofSpeech" type="Lexical" version="3.0">
          <label>Search and Visualization tool ANNIS.</label>
          <p>All formats (EXCEL 2013, CoNLL, PBT) were converted to ANNIS altogether using Pepper.
            The following importers were used: SpreadsheetImporter, PTBImporter, CoNLLImporter.
            Merging with Merger Module. Export with ANNISExporter.
            https://korpling.german.hu-berlin.de/saltnpepper/pepper/download/snapshot/Pepper_2017.09.25-SNAPSHOT.zip
            . For more information: https://github.com/langbank/conversion-pipeline</p>
        </application>
      </appInfo>
      <editorialDecl>
        <segmentation corresp="norm" style="Dependent">
          <p>Annotation is dependent on annotation key "norm".</p>
        </segmentation>
        <normalization method="None">
          <p>NA</p>
        </normalization>
        <correction method="manual" status="low">
          <p>NA.</p>
        </correction>
        <p>NA</p>
      </editorialDecl>
      <projectDesc>
        <p>
          <ref target="http://korpling.org/ridges/"/> The RIDGES project (Register in Diachronic
          German Science) is an investigation into the development of the German scientific language
          in the early modern and modern periods, ranging from the mid 15th to the 20th century. The
          LAUDATIO project (www.laudatio-repository.org) hosts and curates the RIDGES Herbology
          corpus in cooperation with the LangBank project (sfs.uni-tuebingen.de/langbank). </p>
      </projectDesc>
    </encodingDesc>
    <revisionDesc>
      <change n="1.0" type="Creation" when="2011" who="NA">Annotation.</change>
      <change n="2.0" type="QualityCheck" when="2012-05-31" who="LAUDATIO">Consistency check of
        annotation keys.</change>
      <change n="3.0" type="QualityCheck" when="2013-05-15" who="LAUDATIO">Semi-automatic
        consistency check of annotation key and value of "pos". Results are provided in a separate
        annotation key "pos".</change>
      <change n="4.0" type="Annotation" when="2014-04-01" who="LAUDATIO">Annotation of the new
        documents and consistency check. Semi-automatic consistency check of annotation key and
        value of "pos" with DECCA. Results are provided in a separate annotation key "pos".</change>
      <change n="4.1" type="ConversionChanged" when="2014-10-27" who="LAUDATIO">Nothing has changed
        regarding the annotation keys and values. The corpus conversion process has changed.
        Conversion from EXCEL to PAULA to ANNIS.</change>
      <change n="5.0" type="ConversionChanged" when="2016-06-07" who="LAUDATIO">Annotation of the
        new documents. The corpus conversion process has changed. Conversion from EXCEL 2013 to
        PAULA and from EXCEL 2013 to ANNIS.</change>
      <change n="6.0" type="Annotation" when="2017-03-14" who="LAUDATIO">Annotation of all
        documents. Nothing has changed regarding the annotation keys and values.</change>
      <change n="7.0" type="Annotation" when="2017-09-21" who="LAUDATIO">Annotation of the new
        documents.</change>
      <change n="8.0" type="Annotation" when="2018-03-29" who="LAUDATIO">Annotation of the new
        documents.</change>
    </revisionDesc>
  </teiHeader>
  <text/>
</TEI>
