<?xml version='1.0' encoding='utf-8'?>
<TEI xmlns="http://www.tei-c.org/ns/1.0"><teiHeader type="PreparationHeader">
        <fileDesc>
          <titleStmt>
            <title corresp="syl_no" type="AnnotationKey">syl_no</title>
            <editor n="1" role="CorpusEditor">
              
              <persName>
                <forename>Svetlana</forename>
                <surname>Petrova</surname>
              </persName>
              <affiliation>
                <orgName type="Department">Germanistik</orgName>
                <orgName type="Institution">Bergische Universität Wuppertal</orgName>
              </affiliation>
            </editor>
            <editor n="2" role="CorpusEditor">
              
              <persName>
                <forename>Karin</forename>
                <surname>Donhauser</surname>
              </persName>
              <affiliation>
                <orgName type="Department">Institut für deutsche Sprache und Linguistik</orgName>
                <orgName type="Institution">Humboldt-Universität zu Berlin</orgName>
              </affiliation>
            </editor>
            <editor n="3" role="CorpusEditor">
              
              <persName>
                <forename>Sonja</forename>
                <surname>Linde</surname>
              </persName>
              <affiliation>
                <orgName type="Department">Institut für deutsche Sprache und Linguistik</orgName>
                <orgName type="Institution">Humboldt-Universität zu Berlin</orgName>
              </affiliation>
            </editor>
            <author n="1" role="Annotator">
              <persName>
                <forename>Eva</forename>
                <surname>Schlachter</surname>
              </persName>
              <affiliation>
                <orgName type="Department">Institut für deutsche Sprache und
                            Linguistik</orgName>
                <orgName type="Institution">Humboldt-Universität zu Berlin</orgName>
              </affiliation>
            </author>
            <author n="2" role="Annotator">
              <persName>
                <forename>Anke</forename>
                <surname>Gehrlein</surname>
              </persName>
              <affiliation>
                <orgName type="Department">Institut für deutsche Sprache und
                            Linguistik</orgName>
                <orgName type="Institution">Humboldt-Universität zu Berlin</orgName>
              </affiliation>
            </author>
            <author n="3" role="Annotator">
              <persName>
                <forename>Marco</forename>
                <surname>Coniglio</surname>
              </persName>
              <affiliation>
                <orgName type="Department">Institut für deutsche Sprache und
                            Linguistik</orgName>
                <orgName type="Institution">Humboldt-Universität zu Berlin</orgName>
              </affiliation>
            </author>
            <author n="4" role="Annotator">
              <persName>
                <forename>Oxana</forename>
                <surname>Rasskazova</surname>
              </persName>
              <affiliation>
                <orgName type="Department">Institut für deutsche Sprache und
                            Linguistik</orgName>
                <orgName type="Institution">Humboldt-Universität zu Berlin</orgName>
              </affiliation>
            </author>
          </titleStmt>
          <extent type="Tokens">1893</extent>
          <publicationStmt>
            <date type="AnnotationRelease" when="2015">Licensed under a Creative Commons
                    Attribution 3.0 Unported License.</date>
          </publicationStmt>
          <sourceDesc>
            <p>
              <ref target="URL" />
              NA
            </p>
          </sourceDesc>
        </fileDesc>
        <encodingDesc n="1" style="Annotation">
          <appInfo n="1" style="Manual">
            <application ident="EXMARaLDA" style="NA" subtype="NA" type="Syntactical" version="1.5.1">
              <label>EXMARaLDA Partitur Editor</label>
              <p>NA</p>
            </application>
          </appInfo>
          <editorialDecl>
            <segmentation corresp="tok" style="Dependent">
              <p>Segmentation is based on 'tok'.</p>
            </segmentation>
            <normalization method="None">
              <p>NA</p>
            </normalization>
            <correction method="manual" status="low">
              <p>NA</p>
            </correction>
            <p>NA</p>
          </editorialDecl>
          <projectDesc>
            <p>
              <ref target="https://www.sfb632.uni-potsdam.de/aprojekte/b4.html" />
              Heliand 1, 4
                    and 5: complete text, status: final, digitalization, translation to Modern
                    German, manually annotated with parts of speech, syntactic categories,
                    grammatical functions, clause status, numbers of syllables (per constituent),
                    alliteration, information status, topic/comment, position of phrase in sentence,
                    definiteness, focus/background, focus-marker, comments on context, source
                    (bibliography).
            </p>
          </projectDesc>
        </encodingDesc>
        <encodingDesc n="2" style="Conversion">
          <appInfo n="1" style="Automatic">
            <application ident="SaltNPepper" style="PAULA" subtype="NA" type="Syntactical" version="1">
              <label>SaltNPepper</label>
              <p>Conversion from EXMARaLDA format to PAULA format.</p>
            </application>
          </appInfo>
          <editorialDecl>
            <segmentation corresp="tok" style="Dependent">
              <p>Segmentation is based on 'tok'.</p>
            </segmentation>
            <normalization method="None">
              <p>NA</p>
            </normalization>
            <correction method="manual" status="low">
              <p>NA</p>
            </correction>
            <p>NA</p>
          </editorialDecl>
          <projectDesc>
            <p>
              <ref target="https://www.sfb632.uni-potsdam.de/aprojekte/b4.html" />
              Heliand 1, 4
                    and 5: complete text, status: final, digitalization, translation to Modern
                    German, manually annotated with parts of speech, syntactic categories,
                    grammatical functions, clause status, numbers of syllables (per constituent),
                    alliteration, information status, topic/comment, position of phrase in sentence,
                    definiteness, focus/background, focus-marker, comments on context, source
                    (bibliography).
            </p>
          </projectDesc>
        </encodingDesc>
        <encodingDesc n="3" style="Conversion">
          <appInfo n="1" style="Automatic">
            <application ident="SaltNPepper" style="relANNIS" subtype="NA" type="Syntactical" version="3">
              <label>SaltNPepper</label>
              <p>Conversion from EXMARaLDA format to relANNIS format.</p>
            </application>
          </appInfo>
          <editorialDecl>
            <segmentation corresp="tok" style="Dependent">
              <p>Segmentation is based on 'tok'.</p>
            </segmentation>
            <normalization method="None">
              <p>NA</p>
            </normalization>
            <correction method="manual" status="low">
              <p>NA</p>
            </correction>
            <p>NA</p>
          </editorialDecl>
          <projectDesc>
            <p>
              <ref target="https://www.sfb632.uni-potsdam.de/aprojekte/b4.html" />
              Heliand 1, 4
                    and 5: complete text, status: final, digitalization, translation to Modern
                    German, manually annotated with parts of speech, syntactic categories,
                    grammatical functions, clause status, numbers of syllables (per constituent),
                    alliteration, information status, topic/comment, position of phrase in sentence,
                    definiteness, focus/background, focus-marker, comments on context, source
                    (bibliography).
            </p>
          </projectDesc>
        </encodingDesc>
        <revisionDesc>
          <change n="1" type="NA" when="2015" who="SFB 632 B4 Project">The corpus is
        released in the LAUDATIO repository as well as in the HZSK repository(Hamburger Zentrum für
        Sprachkorpora,
        https://corpora.uni-hamburg.de/drupal/de/islandora/object/collection:sfb632).</change>
        </revisionDesc>
      </teiHeader>
      </TEI>
