<?xml version='1.0' encoding='utf-8'?>
<TEI xmlns="http://www.tei-c.org/ns/1.0"><teiHeader style="NA" type="DocumentHeader">
      <fileDesc xml:id="a4_standoff">
        <titleStmt>
          <title>Heliand. Titelauflage vermehrt um das Prager Fragment des Heliand und die Vaticanischen Fragmente von Heliand und Genesis. Part 4.</title>
          <author>
            <persName>
              <forename>NA</forename>
              <surname>NA</surname>
            </persName>
          </author>
          <editor>
            <persName>
              <forename>Eduard</forename>
              <surname>Sievers</surname>
            </persName>
          </editor>
        </titleStmt>
        <extent type="Tokens">965</extent>
        <publicationStmt>
          <idno>NA</idno>
          <pubPlace>Halle (Saale)/Berlin</pubPlace>
          <publisher>Buchhandlung des Waisenhauses</publisher>
          <date when="1935">1935</date>
          <biblScope unit="NA">NA</biblScope>
        </publicationStmt>
        <seriesStmt>
          <title>NA</title>
          <editor>NA</editor>
          <biblScope unit="NA">NA</biblScope>
        </seriesStmt>
        <sourceDesc n="1">
          
          <msDesc>
            <msIdentifier>
              <msName>NA</msName>
              <altIdentifier>
                <repository>NA</repository>
                <collection>NA</collection>
                <idno>NA</idno>
              </altIdentifier>
            </msIdentifier>
            <history>
              <origin>
                <objectType>NA</objectType>
                <origDate notAfter-custom="830" notBefore-custom="830" precision="low">
                  9. Jahrhundert
                  
                </origDate>
                <origPlace>NA</origPlace>
                <title>NA</title>
                <locus />
              </origin>
            </history>
          </msDesc>
          <recordHist>
            <source facs="NA">
              <ref target="NA">NA</ref>
            </source>
          </recordHist>
        </sourceDesc>
      </fileDesc>
      <profileDesc>
        <langUsage>
          <language ident="ohg" style="Language">Old High German</language>
          <language ident="NA" style="LanguageArea">NA</language>
          <language ident="NA" style="LanguageType">NA</language>
        </langUsage>
      </profileDesc>
      <encodingDesc>
        <schemaSpec ident="AnnotationKey">
          <elementSpec ident="Transcription">
            
            <valList>
              <valItem corresp="tok" ident="tok" />
              <valItem corresp="trans" ident="trans" />
            </valList>
          </elementSpec>
          <elementSpec ident="Syntactical">
            
            <valList>
              <valItem corresp="alliteration" ident="alliteration" />
              <valItem corresp="foc-bg" ident="foc-bg" />
              <valItem corresp="syl_no" ident="syl_no" />
              <valItem corresp="context" ident="context" />
              <valItem corresp="givenness" ident="givenness" />
              <valItem corresp="top-comm" ident="top-comm" />
              <valItem corresp="position" ident="position" />
              <valItem corresp="clause-status" ident="clause-status" />
              <valItem corresp="aboutness" ident="aboutness" />
              <valItem corresp="cat" ident="cat" />
              <valItem corresp="gf" ident="gf" />
              <valItem corresp="definiteness" ident="definiteness" />
              <valItem corresp="foc-marker" ident="foc-marker" />
            </valList>
          </elementSpec>
          <elementSpec ident="Lexical">
            
            <valList>
              <valItem corresp="pos" ident="pos" />
            </valList>
          </elementSpec>
          <elementSpec ident="Meta">
            
            <valList>
              <valItem corresp="bibl" ident="bibl" />
              <valItem corresp="comment" ident="comment" />
              <valItem corresp="doc" ident="meta::doc" />
            </valList>
          </elementSpec>
        </schemaSpec>
      </encodingDesc>
      <revisionDesc>
        <change n="1.0" when="2015" who="SFB 632 B4 Project">
          The corpus is
        released in the LAUDATIO repository as well as in the HZSK repository(Hamburger Zentrum für
        Sprachkorpora,
        https://corpora.uni-hamburg.de/drupal/de/islandora/object/collection:sfb632).
          
        </change>
      </revisionDesc>
    </teiHeader>
    </TEI>
